"termname","weekname","subject","taskname","description","video_url"
"Term 1","Week 1","English","Types of Sentences","Types of Sentences","<div style=""padding:56.25% 0 0 0;position:relative;""><iframe src=""https://player.vimeo.com/video/1094909143?h=c687096d92&amp;badge=0&amp;autopause=0&amp;player_id=0&amp;app_id=58479"" frameborder=""0"" allow=""autoplay; fullscreen; picture-in-picture; clipboard-write; encrypted-media; web-share"" style=""position:absolute;top:0;left:0;width:100%;height:100%;"" title=""Sentence Type Y3.mp4""></iframe></div><script src=""https://player.vimeo.com/api/player.js""></script>"
"Term 1","Week 2","English","Simple Subject and Simple Predicate",NULL,NULL
"Term 1","Week 2","English","Complete Subject and Complete Predicate",NULL,NULL
"Term 1","Week 3","English","Complete Sentences",NULL,NULL
"Term 1","Week 3","English","Fragments and Run-ons",NULL,NULL
"Term 1","Week 4","English","Simple Sentences",NULL,NULL
"Term 1","Week 4","English","Compound Sentences",NULL,NULL
"Term 1","Week 5","English","Common Nouns and Proper Nouns","a","<div style=""padding:56.25% 0 0 0;position:relative;""><iframe src=""https://player.vimeo.com/video/1122699722?h=36bc2704a7&amp;badge=0&amp;autopause=0&amp;player_id=0&amp;app_id=58479"" frameborder=""0"" allow=""autoplay; fullscreen; picture-in-picture; clipboard-write; encrypted-media; web-share"" referrerpolicy=""strict-origin-when-cross-origin"" style=""position:absolute;top:0;left:0;width:100%;height:100%;"" title=""Nouns,Common Nouns and Proper Nouns Y3""></iframe></div><script src=""https://player.vimeo.com/api/player.js""></script>"
"Term 1","Week 5","English","Concrete Nouns and Abstract Nouns","a","<div style=""padding:56.25% 0 0 0;position:relative;""><iframe src=""https://player.vimeo.com/video/1122699329?h=d221dd1a65&amp;badge=0&amp;autopause=0&amp;player_id=0&amp;app_id=58479"" frameborder=""0"" allow=""autoplay; fullscreen; picture-in-picture; clipboard-write; encrypted-media; web-share"" referrerpolicy=""strict-origin-when-cross-origin"" style=""position:absolute;top:0;left:0;width:100%;height:100%;"" title=""Concrete Nouns and Abstract Nouns Y3""></iframe></div><script src=""https://player.vimeo.com/api/player.js""></script>"
"Term 1","Week 6","English","Regular and Irregular Plurals","r",NULL
"Term 1","Week 6","English","Singular and Plural Possessives","r",NULL
"Term 1","Week 7","English","Subject and Object Personal Pronouns","a","<div style=""padding:56.25% 0 0 0;position:relative;""><iframe src=""https://player.vimeo.com/video/1122699298?h=6ae68919a8&amp;badge=0&amp;autopause=0&amp;player_id=0&amp;app_id=58479"" frameborder=""0"" allow=""autoplay; fullscreen; picture-in-picture; clipboard-write; encrypted-media; web-share"" referrerpolicy=""strict-origin-when-cross-origin"" style=""position:absolute;top:0;left:0;width:100%;height:100%;"" title=""Subject and Object Personal Pronouns Y3""></iframe></div><script src=""https://player.vimeo.com/api/player.js""></script>"
"Term 1","Week 7","English","Possessive Pronouns and Reflexive Pronouns","a","<div style=""padding:75% 0 0 0;position:relative;""><iframe src=""https://player.vimeo.com/video/1122698652?h=31a7d00a65&amp;badge=0&amp;autopause=0&amp;player_id=0&amp;app_id=58479"" frameborder=""0"" allow=""autoplay; fullscreen; picture-in-picture; clipboard-write; encrypted-media; web-share"" referrerpolicy=""strict-origin-when-cross-origin"" style=""position:absolute;top:0;left:0;width:100%;height:100%;"" title=""Possessive &amp; Reflexive Pronouns""></iframe></div><script src=""https://player.vimeo.com/api/player.js""></script>"
"Term 1","Week 8","English","Action Verbs","r",NULL
"Term 1","Week 8","English","Main Verbs and Helping Verbs","r",NULL
"Term 1","Week 9","English","Singular and Plural Subjects","r",NULL
"Term 1","Week 9","English","Subject-Verb Agreement","a","<div style=""padding:56.25% 0 0 0;position:relative;""><iframe src=""https://player.vimeo.com/video/1122697384?h=0ef455ce51&amp;badge=0&amp;autopause=0&amp;player_id=0&amp;app_id=58479"" frameborder=""0"" allow=""autoplay; fullscreen; picture-in-picture; clipboard-write; encrypted-media; web-share"" referrerpolicy=""strict-origin-when-cross-origin"" style=""position:absolute;top:0;left:0;width:100%;height:100%;"" title=""Subject Verb Agreement Y3 (1)""></iframe></div><script src=""https://player.vimeo.com/api/player.js""></script>"
"Term 2","Week 11","English","Verb Tense_ Present","a","<div style=""padding:56.25% 0 0 0;position:relative;""><iframe src=""https://player.vimeo.com/video/1122696891?h=818282f482&amp;badge=0&amp;autopause=0&amp;player_id=0&amp;app_id=58479"" frameborder=""0"" allow=""autoplay; fullscreen; picture-in-picture; clipboard-write; encrypted-media; web-share"" referrerpolicy=""strict-origin-when-cross-origin"" style=""position:absolute;top:0;left:0;width:100%;height:100%;"" title=""Verb Tense – Present""></iframe></div><script src=""https://player.vimeo.com/api/player.js""></script>"
"Term 2","Week 11","English","Verb Tense_ Past","a","<div style=""padding:56.25% 0 0 0;position:relative;""><iframe src=""https://player.vimeo.com/video/1122696860?h=9697026037&amp;badge=0&amp;autopause=0&amp;player_id=0&amp;app_id=58479"" frameborder=""0"" allow=""autoplay; fullscreen; picture-in-picture; clipboard-write; encrypted-media; web-share"" referrerpolicy=""strict-origin-when-cross-origin"" style=""position:absolute;top:0;left:0;width:100%;height:100%;"" title=""Verb Past Tense Y3""></iframe></div><script src=""https://player.vimeo.com/api/player.js""></script>"
"Term 2","Week 12","English","Articles (a, an, the)","r",NULL
"Term 2","Week 13","English","Types of Adjectives","a","<div style=""padding:75.00% 0 0 0;position:relative;""><iframe src=""https://player.vimeo.com/video/1122696058?h=7f786a6a36&amp;badge=0&amp;autopause=0&amp;player_id=0&amp;app_id=58479%2Fembed"" allow=""autoplay; fullscreen; picture-in-picture"" allowfullscreen="""" frameborder=""0"" style=""position:absolute;top:0;left:0;width:100%;height:100%;""></iframe></div>"
"Term 2","Week 13","English","Degrees of Adjectives","r",NULL
"Term 2","Week 14","English","Types of Adverbs","a","<div style=""padding:56.25% 0 0 0;position:relative;""><iframe src=""https://player.vimeo.com/video/1122693736?h=dfe3524f47&amp;badge=0&amp;autopause=0&amp;player_id=0&amp;app_id=58479%2Fembed"" allow=""autoplay; fullscreen; picture-in-picture"" allowfullscreen="""" frameborder=""0"" style=""position:absolute;top:0;left:0;width:100%;height:100%;""></iframe></div>"
"Term 2","Week 14","English","Degrees of Adverbs","r",NULL
"Term 2","Week 15","English","Prepositions","a","<div style=""padding:56.25% 0 0 0;position:relative;""><iframe src=""https://player.vimeo.com/video/1122702518?h=10f6463cd0&amp;badge=0&amp;autopause=0&amp;player_id=0&amp;app_id=58479"" frameborder=""0"" allow=""autoplay; fullscreen; picture-in-picture; clipboard-write; encrypted-media; web-share"" referrerpolicy=""strict-origin-when-cross-origin"" style=""position:absolute;top:0;left:0;width:100%;height:100%;"" title=""Prepositions""></iframe></div><script src=""https://player.vimeo.com/api/player.js""></script>"
"Term 2","Week 15","English","Objects of Prepositions","a","<div style=""padding:56.25% 0 0 0;position:relative;""><iframe src=""https://player.vimeo.com/video/1122702494?h=f13d255f27&amp;badge=0&amp;autopause=0&amp;player_id=0&amp;app_id=58479%2Fembed"" allow=""autoplay; fullscreen; picture-in-picture"" allowfullscreen="""" frameborder=""0"" style=""position:absolute;top:0;left:0;width:100%;height:100%;""></iframe></div>"
"Term 2","Week 15","English","Prepositional Phrases","a","<div style=""padding:56.25% 0 0 0;position:relative;""><iframe src=""https://player.vimeo.com/video/1122702472?h=6f427e1031&amp;badge=0&amp;autopause=0&amp;player_id=0&amp;app_id=58479"" frameborder=""0"" allow=""autoplay; fullscreen; picture-in-picture; clipboard-write; encrypted-media; web-share"" referrerpolicy=""strict-origin-when-cross-origin"" style=""position:absolute;top:0;left:0;width:100%;height:100%;"" title=""Prepositional Phrases Y3""></iframe></div><script src=""https://player.vimeo.com/api/player.js""></script>"
"Term 2","Week 16","English","Coordinating and Subordinating Conjunctions","r",NULL
"Term 2","Week 17","English","Synonyms and Antonyms","a","<div style=""padding:56.25% 0 0 0;position:relative;""><iframe src=""https://player.vimeo.com/video/1122701533?h=32420f0ac8&amp;badge=0&amp;autopause=0&amp;player_id=0&amp;app_id=58479%2Fembed"" allow=""autoplay; fullscreen; picture-in-picture"" allowfullscreen="""" frameborder=""0"" style=""position:absolute;top:0;left:0;width:100%;height:100%;""></iframe></div>"
"Term 2","Week 18","English","Homonyms and Homographs","r",NULL
"Term 1","Week 1","English","Complete Sentences",NULL,NULL
"Term 1","Week 1","English","Fragments and Run-ons",NULL,NULL
"Term 2","Week 19","English","Capitlisation","a","<div style=""padding:56.25% 0 0 0;position:relative;""><iframe src=""https://player.vimeo.com/video/1122701492?h=08eb639b9a&amp;badge=0&amp;autopause=0&amp;player_id=0&amp;app_id=58479%2Fembed"" allow=""autoplay; fullscreen; picture-in-picture"" allowfullscreen="""" frameborder=""0"" style=""position:absolute;top:0;left:0;width:100%;height:100%;""></iframe></div>"
"Term 1","Week 2","English","Types of Sentences","Types of Sentences","<div style=""padding:56.25% 0 0 0;position:relative;""><iframe src=""https://player.vimeo.com/video/1143014447?h=7256c0c08c&amp;badge=0&amp;autopause=0&amp;player_id=0&amp;app_id=58479"" frameborder=""0"" allow=""autoplay; fullscreen; picture-in-picture; clipboard-write; encrypted-media; web-share"" referrerpolicy=""strict-origin-when-cross-origin"" style=""position:absolute;top:0;left:0;width:100%;height:100%;"" title=""Types of Sentences Y3""></iframe></div><script src=""https://player.vimeo.com/api/player.js""></script>"
"Term 3","Week 21","English","Future Tense","a","<div style=""padding:56.25% 0 0 0;position:relative;""><iframe src=""https://player.vimeo.com/video/1122701473?h=aef4b6e224&amp;badge=0&amp;autopause=0&amp;player_id=0&amp;app_id=58479%2Fembed"" allow=""autoplay; fullscreen; picture-in-picture"" allowfullscreen="""" frameborder=""0"" style=""position:absolute;top:0;left:0;width:100%;height:100%;""></iframe></div>"
"Term 3","Week 21","English","Verb Tense Review","r",NULL
"Term 1","Week 3","English","Simple Subject and Simple Predicate","a","<div style=""padding:56.25% 0 0 0;position:relative;""><iframe src=""https://player.vimeo.com/video/1143014221?h=6d8088a932&amp;badge=0&amp;autopause=0&amp;player_id=0&amp;app_id=58479"" frameborder=""0"" allow=""autoplay; fullscreen; picture-in-picture; clipboard-write; encrypted-media; web-share"" referrerpolicy=""strict-origin-when-cross-origin"" style=""position:absolute;top:0;left:0;width:100%;height:100%;"" title=""Simple Subject and Simple Predicate Y3""></iframe></div><script src=""https://player.vimeo.com/api/player.js""></script>"
"Term 1","Week 3","English","Complete Subject and Complete Predicate","a","<div style=""padding:56.25% 0 0 0;position:relative;""><iframe src=""https://player.vimeo.com/video/1143014016?h=57208ceae3&amp;badge=0&amp;autopause=0&amp;player_id=0&amp;app_id=58479"" frameborder=""0"" allow=""autoplay; fullscreen; picture-in-picture; clipboard-write; encrypted-media; web-share"" referrerpolicy=""strict-origin-when-cross-origin"" style=""position:absolute;top:0;left:0;width:100%;height:100%;"" title=""Complete Subject and Complete Predicate Y3""></iframe></div><script src=""https://player.vimeo.com/api/player.js""></script>"
"Term 1","Week 4","English","Simple Sentences",NULL,NULL
"Term 1","Week 4","English","Compound Sentences","a","<div style=""padding:56.25% 0 0 0;position:relative;""><iframe src=""https://player.vimeo.com/video/1143007416?h=17dba36ef5&amp;badge=0&amp;autopause=0&amp;player_id=0&amp;app_id=58479"" frameborder=""0"" allow=""autoplay; fullscreen; picture-in-picture; clipboard-write; encrypted-media; web-share"" referrerpolicy=""strict-origin-when-cross-origin"" style=""position:absolute;top:0;left:0;width:100%;height:100%;"" title=""Compound Sentences!""></iframe></div><script src=""https://player.vimeo.com/api/player.js""></script>"
"Term 3","Week 22","English","Perfect Tenses","a","<div style=""padding:56.25% 0 0 0;position:relative;""><iframe src=""https://player.vimeo.com/video/1122701438?h=2afd2bfd80&amp;badge=0&amp;autopause=0&amp;player_id=0&amp;app_id=58479"" frameborder=""0"" allow=""autoplay; fullscreen; picture-in-picture; clipboard-write; encrypted-media; web-share"" referrerpolicy=""strict-origin-when-cross-origin"" style=""position:absolute;top:0;left:0;width:100%;height:100%;"" title=""Perfect Tenses, Present, Past, Future Y3""></iframe></div><script src=""https://player.vimeo.com/api/player.js""></script>"
"Term 1","Week 5","English","Common Nouns and Proper Nouns","a","<div style=""padding:56.25% 0 0 0;position:relative;""><iframe src=""https://player.vimeo.com/video/1143004717?h=62b23fab12&amp;badge=0&amp;autopause=0&amp;player_id=0&amp;app_id=58479"" frameborder=""0"" allow=""autoplay; fullscreen; picture-in-picture; clipboard-write; encrypted-media; web-share"" referrerpolicy=""strict-origin-when-cross-origin"" style=""position:absolute;top:0;left:0;width:100%;height:100%;"" title=""Nouns,Common Nouns and Proper Nouns Y3""></iframe></div><script src=""https://player.vimeo.com/api/player.js""></script>"
"Term 1","Week 5","English","Concrete Nouns and Abstract Nouns","a","<div style=""padding:56.25% 0 0 0;position:relative;""><iframe src=""https://player.vimeo.com/video/1142515679?h=f698852c28&amp;badge=0&amp;autopause=0&amp;player_id=0&amp;app_id=58479"" frameborder=""0"" allow=""autoplay; fullscreen; picture-in-picture; clipboard-write; encrypted-media; web-share"" referrerpolicy=""strict-origin-when-cross-origin"" style=""position:absolute;top:0;left:0;width:100%;height:100%;"" title=""Concrete Nouns and Abstract Nouns Y3""></iframe></div><script src=""https://player.vimeo.com/api/player.js""></script>"
"Term 1","Week 6","English","Regular and Irregular Plurals",NULL,NULL
"Term 1","Week 6","English","Singular and Plural Possessives",NULL,NULL
"Term 3","Week 23","English","Continuous Tenses","r",NULL
"Term 3","Week 24","English","Compound Words","r","<div style=""padding:56.25% 0 0 0;position:relative;""><iframe src=""https://player.vimeo.com/video/1141831591?h=6e58c0585c&amp;badge=0&amp;autopause=0&amp;player_id=0&amp;app_id=58479"" frameborder=""0"" allow=""autoplay; fullscreen; picture-in-picture; clipboard-write; encrypted-media; web-share"" referrerpolicy=""strict-origin-when-cross-origin"" style=""position:absolute;top:0;left:0;width:100%;height:100%;"" title=""Compound Words Y3""></iframe></div><script src=""https://player.vimeo.com/api/player.js""></script>"
"Term 3","Week 24","English","Greek and Latin Roots","r",NULL
"Term 1","Week 7","English","Subject and Object Personal Pronouns","a","<div style=""padding:75% 0 0 0;position:relative;""><iframe src=""https://player.vimeo.com/video/1142995717?h=cbdd56ddb7&amp;badge=0&amp;autopause=0&amp;player_id=0&amp;app_id=58479"" frameborder=""0"" allow=""autoplay; fullscreen; picture-in-picture; clipboard-write; encrypted-media; web-share"" referrerpolicy=""strict-origin-when-cross-origin"" style=""position:absolute;top:0;left:0;width:100%;height:100%;"" title=""Subject and Object Personal Pronouns Y3""></iframe></div><script src=""https://player.vimeo.com/api/player.js""></script>"
"Term 1","Week 7","English","Possessive Pronouns and Reflexive Pronouns","a","<div style=""padding:56.25% 0 0 0;position:relative;""><iframe src=""https://player.vimeo.com/video/1142994944?h=43216f5a1f&amp;badge=0&amp;autopause=0&amp;player_id=0&amp;app_id=58479"" frameborder=""0"" allow=""autoplay; fullscreen; picture-in-picture; clipboard-write; encrypted-media; web-share"" referrerpolicy=""strict-origin-when-cross-origin"" style=""position:absolute;top:0;left:0;width:100%;height:100%;"" title=""Possessive &amp; Reflexive Pronouns""></iframe></div><script src=""https://player.vimeo.com/api/player.js""></script>"
"Term 1","Week 8","English","Action Verbs",NULL,NULL
"Term 1","Week 8","English","Main Verbs and Helping Verbs",NULL,NULL
"Term 1","Week 1","English","Types of Sentences","a","<div style=""padding:56.25% 0 0 0;position:relative;""><iframe src=""https://player.vimeo.com/video/1141813586?h=2348d8a9bf&amp;badge=0&amp;autopause=0&amp;player_id=0&amp;app_id=58479%2Fembed"" allow=""autoplay; fullscreen; picture-in-picture"" allowfullscreen="""" frameborder=""0"" style=""position:absolute;top:0;left:0;width:100%;height:100%;""></iframe></div>"
"Term 3","Week 25","English","Prefixes (un-, re-, pre-, dis-)","r",NULL
"Term 3","Week 25","English","Suffixes (-ed, -ing, -ly, -er, -est)","r",NULL
"Term 1","Week 9","English","Singular and Plural Subjects",NULL,NULL
"Term 1","Week 9","English","Subject-Verb Agreement","a","<div style=""padding:56.25% 0 0 0;position:relative;""><iframe src=""https://player.vimeo.com/video/1142992394?h=12ec77a02f&amp;badge=0&amp;autopause=0&amp;player_id=0&amp;app_id=58479"" frameborder=""0"" allow=""autoplay; fullscreen; picture-in-picture; clipboard-write; encrypted-media; web-share"" referrerpolicy=""strict-origin-when-cross-origin"" style=""position:absolute;top:0;left:0;width:100%;height:100%;"" title=""Subject Verb Agreement Y3""></iframe></div><script src=""https://player.vimeo.com/api/player.js""></script>"
"Term 1","Week 2","English","Complete Sentences",NULL,NULL
"Term 1","Week 2","English","Fragments and Run-ons",NULL,NULL
"Term 2","Week 11","English","Verb Tense_Present","a","<div style=""padding:56.25% 0 0 0;position:relative;""><iframe src=""https://player.vimeo.com/video/1142991538?h=8260f9bb7a&amp;badge=0&amp;autopause=0&amp;player_id=0&amp;app_id=58479"" frameborder=""0"" allow=""autoplay; fullscreen; picture-in-picture; clipboard-write; encrypted-media; web-share"" referrerpolicy=""strict-origin-when-cross-origin"" style=""position:absolute;top:0;left:0;width:100%;height:100%;"" title=""Verb Tense – Present""></iframe></div><script src=""https://player.vimeo.com/api/player.js""></script>"
"Term 2","Week 11","English","Verb Tense_Past",NULL,NULL
"Term 3","Week 26","English","Agreement with collective nouns","r",NULL
"Term 3","Week 26","English","Agreement with indefinite pronouns","r",NULL
"Term 1","Week 3","English","Simple Subject and Simple Predicate","a","<div style=""padding:56.25% 0 0 0;position:relative;""><iframe src=""https://player.vimeo.com/video/1143014221?h=6d8088a932&amp;badge=0&amp;autopause=0&amp;player_id=0&amp;app_id=58479"" frameborder=""0"" allow=""autoplay; fullscreen; picture-in-picture; clipboard-write; encrypted-media; web-share"" referrerpolicy=""strict-origin-when-cross-origin"" style=""position:absolute;top:0;left:0;width:100%;height:100%;"" title=""Simple Subject and Simple Predicate Y3""></iframe></div><script src=""https://player.vimeo.com/api/player.js""></script>"
"Term 1","Week 3","English","Complete Subject and Complete Predicate","a","<div style=""padding:56.25% 0 0 0;position:relative;""><iframe src=""https://player.vimeo.com/video/1143014016?h=57208ceae3&amp;badge=0&amp;autopause=0&amp;player_id=0&amp;app_id=58479"" frameborder=""0"" allow=""autoplay; fullscreen; picture-in-picture; clipboard-write; encrypted-media; web-share"" referrerpolicy=""strict-origin-when-cross-origin"" style=""position:absolute;top:0;left:0;width:100%;height:100%;"" title=""Complete Subject and Complete Predicate Y3""></iframe></div><script src=""https://player.vimeo.com/api/player.js""></script>"
"Term 2","Week 12","English","Articles (a, an, the)",NULL,NULL
"Term 1","Week 4","English","Simple Sentences vs Compound",NULL,NULL
"Term 1","Week 1","Mathematics","Odd and even numbers","r","<div style=""padding:56.25% 0 0 0;position:relative;""><iframe src=""https://player.vimeo.com/video/1121596072?h=c04d4baf34&amp;badge=0&amp;autopause=0&amp;player_id=0&amp;app_id=58479"" frameborder=""0"" allow=""autoplay; fullscreen; picture-in-picture; clipboard-write; encrypted-media; web-share"" referrerpolicy=""strict-origin-when-cross-origin"" style=""position:absolute;top:0;left:0;width:100%;height:100%;"" title=""Odd and even numbers (1)""></iframe></div><script src=""https://player.vimeo.com/api/player.js""></script>"
"Term 1","Week 1","Mathematics","Numbers up to 999 using blocks","r","<iframe src=""https://player.vimeo.com/video/1114447069?h=ed75a576d1&amp;badge=0&amp;autopause=0&amp;player_id=0&amp;app_id=58479"" width=""1920"" height=""1080"" frameborder=""0"" allow=""autoplay; fullscreen; picture-in-picture; clipboard-write; encrypted-media; web-share"" referrerpolicy=""strict-origin-when-cross-origin"" title=""Numbers up to 999""></iframe>"
"Term 1","Week 1","Mathematics","Numbers up to 10.000","r",NULL
"Term 2","Week 13","English","Types of Adjectives","a","<div style=""padding:75% 0 0 0;position:relative;""><iframe src=""https://player.vimeo.com/video/1142988805?h=3efcc91fb0&amp;badge=0&amp;autopause=0&amp;player_id=0&amp;app_id=58479"" frameborder=""0"" allow=""autoplay; fullscreen; picture-in-picture; clipboard-write; encrypted-media; web-share"" referrerpolicy=""strict-origin-when-cross-origin"" style=""position:absolute;top:0;left:0;width:100%;height:100%;"" title=""Types of Adjectives! Y3""></iframe></div><script src=""https://player.vimeo.com/api/player.js""></script>"
"Term 2","Week 13","English","Degrees of Adjectives",NULL,NULL
"Term 1","Week 5","English","Common Nouns and Proper Nouns","a","<div style=""padding:56.25% 0 0 0;position:relative;""><iframe src=""https://player.vimeo.com/video/1122699722?h=36bc2704a7&amp;badge=0&amp;autopause=0&amp;player_id=0&amp;app_id=58479"" frameborder=""0"" allow=""autoplay; fullscreen; picture-in-picture; clipboard-write; encrypted-media; web-share"" referrerpolicy=""strict-origin-when-cross-origin"" style=""position:absolute;top:0;left:0;width:100%;height:100%;"" title=""Nouns,Common Nouns and Proper Nouns Y3""></iframe></div><script src=""https://player.vimeo.com/api/player.js""></script>"
"Term 1","Week 5","English","Concrete Nouns and Abstract Nouns","a","<div style=""padding:56.25% 0 0 0;position:relative;""><iframe src=""https://player.vimeo.com/video/1142515679?h=f698852c28&amp;badge=0&amp;autopause=0&amp;player_id=0&amp;app_id=58479"" frameborder=""0"" allow=""autoplay; fullscreen; picture-in-picture; clipboard-write; encrypted-media; web-share"" referrerpolicy=""strict-origin-when-cross-origin"" style=""position:absolute;top:0;left:0;width:100%;height:100%;"" title=""Concrete Nouns and Abstract Nouns Y3""></iframe></div><script src=""https://player.vimeo.com/api/player.js""></script>"
"Term 1","Week 6","English","Singular and Plural Possessives",NULL,NULL
"Term 1","Week 6","English","Regular and Irregular Plurals",NULL,NULL
"Term 2","Week 14","English","Types of Adverbs","a","<div style=""padding:56.25% 0 0 0;position:relative;""><iframe src=""https://player.vimeo.com/video/1142514625?h=2313bd4a50&amp;badge=0&amp;autopause=0&amp;player_id=0&amp;app_id=58479"" frameborder=""0"" allow=""autoplay; fullscreen; picture-in-picture; clipboard-write; encrypted-media; web-share"" referrerpolicy=""strict-origin-when-cross-origin"" style=""position:absolute;top:0;left:0;width:100%;height:100%;"" title=""Types of Adverbs! Y3""></iframe></div><script src=""https://player.vimeo.com/api/player.js""></script>"
"Term 2","Week 14","English","Degrees of Adverbs",NULL,NULL
"Term 1","Week 7","English","Subject and Object Personal Pronouns","a","<div style=""padding:56.25% 0 0 0;position:relative;""><iframe src=""https://player.vimeo.com/video/1142995717?h=cbdd56ddb7&amp;badge=0&amp;autopause=0&amp;player_id=0&amp;app_id=58479%2Fembed"" allow=""autoplay; fullscreen; picture-in-picture"" allowfullscreen="""" frameborder=""0"" style=""position:absolute;top:0;left:0;width:100%;height:100%;""></iframe></div>"
"Term 1","Week 7","English","Possessive Pronouns and Reflexive Pronouns","a","<div style=""padding:56.25% 0 0 0;position:relative;""><iframe src=""https://player.vimeo.com/video/1143064332?h=b617a7dac4&amp;badge=0&amp;autopause=0&amp;player_id=0&amp;app_id=58479"" frameborder=""0"" allow=""autoplay; fullscreen; picture-in-picture; clipboard-write; encrypted-media; web-share"" referrerpolicy=""strict-origin-when-cross-origin"" style=""position:absolute;top:0;left:0;width:100%;height:100%;"" title=""Possessive &amp; Reflexive Pronouns (1)""></iframe></div><script src=""https://player.vimeo.com/api/player.js""></script>"
"Term 2","Week 15","English","Objects of Prepositions","a","<div style=""padding:56.25% 0 0 0;position:relative;""><iframe src=""https://player.vimeo.com/video/1142513037?h=49bb76e6e7&amp;badge=0&amp;autopause=0&amp;player_id=0&amp;app_id=58479"" frameborder=""0"" allow=""autoplay; fullscreen; picture-in-picture; clipboard-write; encrypted-media; web-share"" referrerpolicy=""strict-origin-when-cross-origin"" style=""position:absolute;top:0;left:0;width:100%;height:100%;"" title=""Objects of Prepositions""></iframe></div><script src=""https://player.vimeo.com/api/player.js""></script>"
"Term 2","Week 15","English","Prepositional Phrases","a","<div style=""padding:75% 0 0 0;position:relative;""><iframe src=""https://player.vimeo.com/video/1142511583?h=8cd3c06857&amp;badge=0&amp;autopause=0&amp;player_id=0&amp;app_id=58479"" frameborder=""0"" allow=""autoplay; fullscreen; picture-in-picture; clipboard-write; encrypted-media; web-share"" referrerpolicy=""strict-origin-when-cross-origin"" style=""position:absolute;top:0;left:0;width:100%;height:100%;"" title=""Prepositional Phrases Y3""></iframe></div><script src=""https://player.vimeo.com/api/player.js""></script>"
"Term 1","Week 8","English","Action Verbs",NULL,NULL
"Term 1","Week 8","English","Main Verbs and Helping Verbs",NULL,NULL
"Term 1","Week 2","Mathematics","Writing numbers in standard, expanded, and written forms","r","<div style=""padding:56.25% 0 0 0;position:relative;""><iframe src=""https://player.vimeo.com/video/1121595758?h=c8c9e1f067&amp;badge=0&amp;autopause=0&amp;player_id=0&amp;app_id=58479%2Fembed"" allow=""autoplay; fullscreen; picture-in-picture"" allowfullscreen="""" frameborder=""0"" style=""position:absolute;top:0;left:0;width:100%;height:100%;""></iframe></div>"
"Term 1","Week 2","Mathematics","Place value","r","<div style=""padding:56.25% 0 0 0;position:relative;""><iframe src=""https://player.vimeo.com/video/1121595862?h=86e92dc60b&amp;badge=0&amp;autopause=0&amp;player_id=0&amp;app_id=58479"" frameborder=""0"" allow=""autoplay; fullscreen; picture-in-picture; clipboard-write; encrypted-media; web-share"" referrerpolicy=""strict-origin-when-cross-origin"" style=""position:absolute;top:0;left:0;width:100%;height:100%;"" title=""Understanding Place Value""></iframe></div><script src=""https://player.vimeo.com/api/player.js""></script>"
"Term 1","Week 2","Mathematics","Rounding off","r","<div style=""padding:56.25% 0 0 0;position:relative;""><iframe src=""https://player.vimeo.com/video/1121595653?h=07477c0b3d&amp;badge=0&amp;autopause=0&amp;player_id=0&amp;app_id=58479%2Fembed"" allow=""autoplay; fullscreen; picture-in-picture"" allowfullscreen="""" frameborder=""0"" style=""position:absolute;top:0;left:0;width:100%;height:100%;""></iframe></div>"
"Term 2","Week 17","English","Synonyms",NULL,NULL
"Term 2","Week 17","English","Antonyms",NULL,NULL
"Term 1","Week 9","English","Singular and Plural Subjects",NULL,NULL
"Term 1","Week 9","English","Subject-Verb Agreement","a","<div style=""padding:56.25% 0 0 0;position:relative;""><iframe src=""https://player.vimeo.com/video/1142992394?h=12ec77a02f&amp;badge=0&amp;autopause=0&amp;player_id=0&amp;app_id=58479"" frameborder=""0"" allow=""autoplay; fullscreen; picture-in-picture; clipboard-write; encrypted-media; web-share"" referrerpolicy=""strict-origin-when-cross-origin"" style=""position:absolute;top:0;left:0;width:100%;height:100%;"" title=""Subject Verb Agreement Y3""></iframe></div><script src=""https://player.vimeo.com/api/player.js""></script>"
"Term 2","Week 18","English","Homonyms",NULL,NULL
"Term 2","Week 18","English","Homographs",NULL,NULL
"Term 2","Week 11","English","Verb Tense: Present","a","<div style=""padding:56.25% 0 0 0;position:relative;""><iframe src=""https://player.vimeo.com/video/1143443750?h=eaf1433d63&amp;badge=0&amp;autopause=0&amp;player_id=0&amp;app_id=58479"" frameborder=""0"" allow=""autoplay; fullscreen; picture-in-picture; clipboard-write; encrypted-media; web-share"" referrerpolicy=""strict-origin-when-cross-origin"" style=""position:absolute;top:0;left:0;width:100%;height:100%;"" title=""Verb Tense – Present""></iframe></div><script src=""https://player.vimeo.com/api/player.js""></script>"
"Term 2","Week 11","English","Verb Tense: Past",NULL,NULL
"Term 2","Week 19","English","Capitalisation","a","<div style=""padding:56.25% 0 0 0;position:relative;""><iframe src=""https://player.vimeo.com/video/1122701492?h=08eb639b9a&amp;badge=0&amp;autopause=0&amp;player_id=0&amp;app_id=58479%2Fembed"" allow=""autoplay; fullscreen; picture-in-picture"" allowfullscreen="""" frameborder=""0"" style=""position:absolute;top:0;left:0;width:100%;height:100%;""></iframe></div>"
"Term 1","Week 3","Mathematics","Comparing numbers","r","<div style=""padding:56.25% 0 0 0;position:relative;""><iframe src=""https://player.vimeo.com/video/1121595561?h=7c1a991630&amp;badge=0&amp;autopause=0&amp;player_id=0&amp;app_id=58479"" frameborder=""0"" allow=""autoplay; fullscreen; picture-in-picture; clipboard-write; encrypted-media; web-share"" referrerpolicy=""strict-origin-when-cross-origin"" style=""position:absolute;top:0;left:0;width:100%;height:100%;"" title=""Comparing Numbers_1""></iframe></div><script src=""https://player.vimeo.com/api/player.js""></script>"
"Term 1","Week 3","Mathematics","Using Number Chart","r","<div style=""padding:56.25% 0 0 0;position:relative;""><iframe src=""https://player.vimeo.com/video/1121595431?h=9fbc43f1aa&amp;badge=0&amp;autopause=0&amp;player_id=0&amp;app_id=58479"" frameborder=""0"" allow=""autoplay; fullscreen; picture-in-picture; clipboard-write; encrypted-media; web-share"" referrerpolicy=""strict-origin-when-cross-origin"" style=""position:absolute;top:0;left:0;width:100%;height:100%;"" title=""Using Number Chart""></iframe></div><script src=""https://player.vimeo.com/api/player.js""></script>"
"Term 1","Week 3","Mathematics","Ordinal numbers","r","<div style=""padding:56.25% 0 0 0;position:relative;""><iframe src=""https://player.vimeo.com/video/1121594292?h=547c5f9abb&amp;badge=0&amp;autopause=0&amp;player_id=0&amp;app_id=58479%2Fembed"" allow=""autoplay; fullscreen; picture-in-picture"" allowfullscreen="""" frameborder=""0"" style=""position:absolute;top:0;left:0;width:100%;height:100%;""></iframe></div>"
"Term 1","Week 3","Mathematics","Number Pattern","r","<div style=""padding:56.25% 0 0 0;position:relative;""><iframe src=""https://player.vimeo.com/video/1121595214?h=078cd24887&amp;badge=0&amp;autopause=0&amp;player_id=0&amp;app_id=58479%2Fembed"" allow=""autoplay; fullscreen; picture-in-picture"" allowfullscreen="""" frameborder=""0"" style=""position:absolute;top:0;left:0;width:100%;height:100%;""></iframe></div>"
"Term 3","Week 21","English","Verb Tense: Future",NULL,NULL
"Term 3","Week 21","English","Verb Tense: Past",NULL,NULL
"Term 2","Week 12","English","Articles (a, an, the)",NULL,NULL
"Term 3","Week 22","English","Perfect Tenses",NULL,NULL
"Term 2","Week 13","English","Types of Adjectives","a","<div style=""padding:56.25% 0 0 0;position:relative;""><iframe src=""https://player.vimeo.com/video/1122696058?h=7f786a6a36&amp;badge=0&amp;autopause=0&amp;player_id=0&amp;app_id=58479"" frameborder=""0"" allow=""autoplay; fullscreen; picture-in-picture; clipboard-write; encrypted-media; web-share"" referrerpolicy=""strict-origin-when-cross-origin"" style=""position:absolute;top:0;left:0;width:100%;height:100%;"" title=""Types of Adjectives! Y3""></iframe></div><script src=""https://player.vimeo.com/api/player.js""></script>"
"Term 2","Week 13","English","Degrees of Adjectives",NULL,NULL
"Term 1","Week 4","Mathematics","Looking for tens","r","<div style=""padding:56.25% 0 0 0;position:relative;""><iframe src=""https://player.vimeo.com/video/1121594156?h=4db29235b5&amp;badge=0&amp;autopause=0&amp;player_id=0&amp;app_id=58479%2Fembed"" allow=""autoplay; fullscreen; picture-in-picture"" allowfullscreen="""" frameborder=""0"" style=""position:absolute;top:0;left:0;width:100%;height:100%;""></iframe></div>"
"Term 1","Week 4","Mathematics","Bridging Decades","r","<div style=""padding:56.25% 0 0 0;position:relative;""><iframe src=""https://player.vimeo.com/video/1121594088?h=7117d5e13f&amp;badge=0&amp;autopause=0&amp;player_id=0&amp;app_id=58479"" frameborder=""0"" allow=""autoplay; fullscreen; picture-in-picture; clipboard-write; encrypted-media; web-share"" referrerpolicy=""strict-origin-when-cross-origin"" style=""position:absolute;top:0;left:0;width:100%;height:100%;"" title=""Bridging Decades""></iframe></div><script src=""https://player.vimeo.com/api/player.js""></script>"
"Term 1","Week 4","Mathematics","Single Digit Missing Number","r","<div style=""padding:56.25% 0 0 0;position:relative;""><iframe src=""https://player.vimeo.com/video/1121588523?h=45bf6c593b&amp;badge=0&amp;autopause=0&amp;player_id=0&amp;app_id=58479%2Fembed"" allow=""autoplay; fullscreen; picture-in-picture"" allowfullscreen="""" frameborder=""0"" style=""position:absolute;top:0;left:0;width:100%;height:100%;""></iframe></div>"
"Term 3","Week 23","English","Continuous Tenses",NULL,NULL
"Term 2","Week 14","English","Types of Adverbs","a","<div style=""padding:56.25% 0 0 0;position:relative;""><iframe src=""https://player.vimeo.com/video/1143416706?h=366a531014&amp;badge=0&amp;autopause=0&amp;player_id=0&amp;app_id=58479"" frameborder=""0"" allow=""autoplay; fullscreen; picture-in-picture; clipboard-write; encrypted-media; web-share"" referrerpolicy=""strict-origin-when-cross-origin"" style=""position:absolute;top:0;left:0;width:100%;height:100%;"" title=""Types of Adverbs! Y3 (1)""></iframe></div><script src=""https://player.vimeo.com/api/player.js""></script>"
"Term 2","Week 14","English","Degrees of Adverbs",NULL,NULL
"Term 3","Week 24","English","Compound Words","a","<div style=""padding:56.25% 0 0 0;position:relative;""><iframe src=""https://player.vimeo.com/video/1142505956?h=5afd63c3e5&amp;badge=0&amp;autopause=0&amp;player_id=0&amp;app_id=58479"" frameborder=""0"" allow=""autoplay; fullscreen; picture-in-picture; clipboard-write; encrypted-media; web-share"" referrerpolicy=""strict-origin-when-cross-origin"" style=""position:absolute;top:0;left:0;width:100%;height:100%;"" title=""Compound Words Y3""></iframe></div><script src=""https://player.vimeo.com/api/player.js""></script>"
"Term 3","Week 24","English","Greek and Latin Roots",NULL,NULL
"Term 2","Week 15","English","Prepositions","a","<div style=""padding:56.25% 0 0 0;position:relative;""><iframe src=""https://player.vimeo.com/video/1143413391?h=e0388b165e&amp;badge=0&amp;autopause=0&amp;player_id=0&amp;app_id=58479"" frameborder=""0"" allow=""autoplay; fullscreen; picture-in-picture; clipboard-write; encrypted-media; web-share"" referrerpolicy=""strict-origin-when-cross-origin"" style=""position:absolute;top:0;left:0;width:100%;height:100%;"" title=""Prepositional Phrases Y3 (2)""></iframe></div><script src=""https://player.vimeo.com/api/player.js""></script>"
"Term 2","Week 15","English","Objects of Prepositions","a","<div style=""padding:56.25% 0 0 0;position:relative;""><iframe src=""https://player.vimeo.com/video/1143414154?h=1cc8f837a5&amp;badge=0&amp;autopause=0&amp;player_id=0&amp;app_id=58479"" frameborder=""0"" allow=""autoplay; fullscreen; picture-in-picture; clipboard-write; encrypted-media; web-share"" referrerpolicy=""strict-origin-when-cross-origin"" style=""position:absolute;top:0;left:0;width:100%;height:100%;"" title=""Objects of Prepositions (2)""></iframe></div><script src=""https://player.vimeo.com/api/player.js""></script>"
"Term 2","Week 15","English","Prepositional Phrases","a","<div style=""padding:56.25% 0 0 0;position:relative;""><iframe src=""https://player.vimeo.com/video/1143413391?h=e0388b165e&amp;badge=0&amp;autopause=0&amp;player_id=0&amp;app_id=58479"" frameborder=""0"" allow=""autoplay; fullscreen; picture-in-picture; clipboard-write; encrypted-media; web-share"" referrerpolicy=""strict-origin-when-cross-origin"" style=""position:absolute;top:0;left:0;width:100%;height:100%;"" title=""Prepositional Phrases Y3 (2)""></iframe></div><script src=""https://player.vimeo.com/api/player.js""></script>"
"Term 3","Week 25","English","Prefixes",NULL,NULL
"Term 3","Week 25","English","Suffixes",NULL,NULL
"Term 1","Week 5","Mathematics","Making 100 and 1000","r","<div style=""padding:56.25% 0 0 0;position:relative;""><iframe src=""https://player.vimeo.com/video/1121588366?h=f97d9048af&amp;badge=0&amp;autopause=0&amp;player_id=0&amp;app_id=58479"" frameborder=""0"" allow=""autoplay; fullscreen; picture-in-picture; clipboard-write; encrypted-media; web-share"" referrerpolicy=""strict-origin-when-cross-origin"" style=""position:absolute;top:0;left:0;width:100%;height:100%;"" title=""Making100 and 1000.1""></iframe></div><script src=""https://player.vimeo.com/api/player.js""></script>"
"Term 1","Week 5","Mathematics","Jump Strategy (Addition)","a","<div style=""padding:56.25% 0 0 0;position:relative;""><iframe src=""https://player.vimeo.com/video/1141830141?h=bf4f031f59&amp;badge=0&amp;autopause=0&amp;player_id=0&amp;app_id=58479"" frameborder=""0"" allow=""autoplay; fullscreen; picture-in-picture; clipboard-write; encrypted-media; web-share"" referrerpolicy=""strict-origin-when-cross-origin"" style=""position:absolute;top:0;left:0;width:100%;height:100%;"" title=""Jumb strategy - Y3""></iframe></div><script src=""https://player.vimeo.com/api/player.js""></script>"
"Term 1","Week 5","Mathematics","Jump Strategy (Subtraction)","r","<div style=""padding:56.25% 0 0 0;position:relative;""><iframe src=""https://player.vimeo.com/video/1121588303?h=e345feccd2&amp;badge=0&amp;autopause=0&amp;player_id=0&amp;app_id=58479%2Fembed"" allow=""autoplay; fullscreen; picture-in-picture"" allowfullscreen="""" frameborder=""0"" style=""position:absolute;top:0;left:0;width:100%;height:100%;""></iframe></div>"
"Term 3","Week 26","English","Contractions","a","<div style=""padding:56.25% 0 0 0;position:relative;""><iframe src=""https://player.vimeo.com/video/1142495849?h=7a212f9185&amp;badge=0&amp;autopause=0&amp;player_id=0&amp;app_id=58479"" frameborder=""0"" allow=""autoplay; fullscreen; picture-in-picture; clipboard-write; encrypted-media; web-share"" referrerpolicy=""strict-origin-when-cross-origin"" style=""position:absolute;top:0;left:0;width:100%;height:100%;"" title=""Contractions""></iframe></div><script src=""https://player.vimeo.com/api/player.js""></script>"
"Term 1","Week 6","Mathematics","Split Strategy","r","<div style=""padding:56.25% 0 0 0;position:relative;""><iframe src=""https://player.vimeo.com/video/1121588101?h=5b511f1000&amp;badge=0&amp;autopause=0&amp;player_id=0&amp;app_id=58479"" frameborder=""0"" allow=""autoplay; fullscreen; picture-in-picture; clipboard-write; encrypted-media; web-share"" referrerpolicy=""strict-origin-when-cross-origin"" style=""position:absolute;top:0;left:0;width:100%;height:100%;"" title=""The Split Strategy (1)""></iframe></div><script src=""https://player.vimeo.com/api/player.js""></script>"
"Term 1","Week 6","Mathematics","Word problem for mental addition","r","<div style=""padding:56.25% 0 0 0;position:relative;""><iframe src=""https://player.vimeo.com/video/1121588037?h=f19e8a648e&amp;badge=0&amp;autopause=0&amp;player_id=0&amp;app_id=58479"" frameborder=""0"" allow=""autoplay; fullscreen; picture-in-picture; clipboard-write; encrypted-media; web-share"" referrerpolicy=""strict-origin-when-cross-origin"" style=""position:absolute;top:0;left:0;width:100%;height:100%;"" title=""Word problems for mental addition (1)""></iframe></div><script src=""https://player.vimeo.com/api/player.js""></script>"
"Term 2","Week 16","English","Coordinating Conjunctions",NULL,NULL
"Term 2","Week 16","English","Subordinating Conjunctions","a","<div style=""padding:56.25% 0 0 0;position:relative;""><iframe src=""https://player.vimeo.com/video/1142494434?h=c516c2adc7&amp;badge=0&amp;autopause=0&amp;player_id=0&amp;app_id=58479"" frameborder=""0"" allow=""autoplay; fullscreen; picture-in-picture; clipboard-write; encrypted-media; web-share"" referrerpolicy=""strict-origin-when-cross-origin"" style=""position:absolute;top:0;left:0;width:100%;height:100%;"" title=""Subordinating Conjunctions Y3""></iframe></div><script src=""https://player.vimeo.com/api/player.js""></script>"
"Term 3","Week 27","English","Commas and Dashes","a","<div style=""padding:56.25% 0 0 0;position:relative;""><iframe src=""https://player.vimeo.com/video/1122704450?h=affb99197c&amp;badge=0&amp;autopause=0&amp;player_id=0&amp;app_id=58479"" frameborder=""0"" allow=""autoplay; fullscreen; picture-in-picture; clipboard-write; encrypted-media; web-share"" referrerpolicy=""strict-origin-when-cross-origin"" style=""position:absolute;top:0;left:0;width:100%;height:100%;"" title=""Commas and Dashes Y3""></iframe></div><script src=""https://player.vimeo.com/api/player.js""></script>"
"Term 1","Week 7","Mathematics","Looking for Pattern","r","<div style=""padding:56.25% 0 0 0;position:relative;""><iframe src=""https://player.vimeo.com/video/1121587945?h=3d8428039c&amp;badge=0&amp;autopause=0&amp;player_id=0&amp;app_id=58479"" frameborder=""0"" allow=""autoplay; fullscreen; picture-in-picture; clipboard-write; encrypted-media; web-share"" referrerpolicy=""strict-origin-when-cross-origin"" style=""position:absolute;top:0;left:0;width:100%;height:100%;"" title=""Looking for Patterns""></iframe></div><script src=""https://player.vimeo.com/api/player.js""></script>"
"Term 1","Week 7","Mathematics","Doubles and Near Doubles","r","<div style=""padding:56.25% 0 0 0;position:relative;""><iframe src=""https://player.vimeo.com/video/1121587783?h=e1b61e8273&amp;badge=0&amp;autopause=0&amp;player_id=0&amp;app_id=58479"" frameborder=""0"" allow=""autoplay; fullscreen; picture-in-picture; clipboard-write; encrypted-media; web-share"" referrerpolicy=""strict-origin-when-cross-origin"" style=""position:absolute;top:0;left:0;width:100%;height:100%;"" title=""Doubles and near doubles_1""></iframe></div><script src=""https://player.vimeo.com/api/player.js""></script>"
"Term 1","Week 1","Mathematics","Numbers to 100,000","a","<div style=""padding:56.25% 0 0 0;position:relative;""><iframe src=""https://player.vimeo.com/video/1120751019?h=938589fda5&amp;badge=0&amp;autopause=0&amp;player_id=0&amp;app_id=58479"" frameborder=""0"" allow=""autoplay; fullscreen; picture-in-picture; clipboard-write; encrypted-media; web-share"" referrerpolicy=""strict-origin-when-cross-origin"" style=""position:absolute;top:0;left:0;width:100%;height:100%;"" title=""Numbers to 100,000 (1)""></iframe></div><script src=""https://player.vimeo.com/api/player.js""></script>"
"Term 1","Week 1","Mathematics","Numbers to 1,000,000","r","<div style=""padding:56.25% 0 0 0;position:relative;""><iframe src=""https://player.vimeo.com/video/1120756230?h=c59315a115&amp;badge=0&amp;autopause=0&amp;player_id=0&amp;app_id=58479"" frameborder=""0"" allow=""autoplay; fullscreen; picture-in-picture; clipboard-write; encrypted-media; web-share"" referrerpolicy=""strict-origin-when-cross-origin"" style=""position:absolute;top:0;left:0;width:100%;height:100%;"" title=""Numbers to 1,000,000 (1)""></iframe></div><script src=""https://player.vimeo.com/api/player.js""></script>"
"Term 1","Week 1","Mathematics","Place value","a","<div style=""padding:56.25% 0 0 0;position:relative;""><iframe src=""https://player.vimeo.com/video/1120880158?h=caf906ac51&amp;badge=0&amp;autopause=0&amp;player_id=0&amp;app_id=58479"" frameborder=""0"" allow=""autoplay; fullscreen; picture-in-picture; clipboard-write; encrypted-media; web-share"" referrerpolicy=""strict-origin-when-cross-origin"" style=""position:absolute;top:0;left:0;width:100%;height:100%;"" title=""Understanding Place Value""></iframe></div><script src=""https://player.vimeo.com/api/player.js""></script>"
"Term 1","Week 1","Mathematics","Writing numbers in different forms","z","<div style=""padding:56.25% 0 0 0;position:relative;""><iframe src=""https://player.vimeo.com/video/1121112947?h=59965fdd19&amp;badge=0&amp;autopause=0&amp;player_id=0&amp;app_id=58479%2Fembed"" allow=""autoplay; fullscreen; picture-in-picture"" allowfullscreen="""" frameborder=""0"" style=""position:absolute;top:0;left:0;width:100%;height:100%;""></iframe></div>"
"Term 1","Week 1","Mathematics","Writing numbers in standard, expanded, and written forms",NULL,NULL
"Term 1","Week 8","Mathematics","2- Digit Addition (No Carry)","r","<div style=""padding:56.25% 0 0 0;position:relative;""><iframe src=""https://player.vimeo.com/video/1121587583?h=f1cabac6d4&amp;badge=0&amp;autopause=0&amp;player_id=0&amp;app_id=58479"" frameborder=""0"" allow=""autoplay; fullscreen; picture-in-picture; clipboard-write; encrypted-media; web-share"" referrerpolicy=""strict-origin-when-cross-origin"" style=""position:absolute;top:0;left:0;width:100%;height:100%;"" title=""2-Digit Addition (No Carry)""></iframe></div><script src=""https://player.vimeo.com/api/player.js""></script>"
"Term 1","Week 8","Mathematics","Compensation","z","r<div style=""padding:56.25% 0 0 0;position:relative;""><iframe src=""https://player.vimeo.com/video/1121587368?h=9566476f07&amp;badge=0&amp;autopause=0&amp;player_id=0&amp;app_id=58479%2Fembed"" allow=""autoplay; fullscreen; picture-in-picture"" allowfullscreen="""" frameborder=""0"" style=""position:absolute;top:0;left:0;width:100%;height:100%;""></iframe></div>"
"Term 1","Week 2","Mathematics","Comparing and ordering numbers","z","<div style=""padding:56.25% 0 0 0;position:relative;""><iframe src=""https://player.vimeo.com/video/1121112800?h=745c26160a&amp;badge=0&amp;autopause=0&amp;player_id=0&amp;app_id=58479%2Fembed"" allow=""autoplay; fullscreen; picture-in-picture"" allowfullscreen="""" frameborder=""0"" style=""position:absolute;top:0;left:0;width:100%;height:100%;""></iframe></div>"
"Term 1","Week 2","Mathematics","Odd and Even number","z","<div style=""padding:56.25% 0 0 0;position:relative;""><iframe src=""https://player.vimeo.com/video/1121112639?h=4d911993da&amp;badge=0&amp;autopause=0&amp;player_id=0&amp;app_id=58479%2Fembed"" allow=""autoplay; fullscreen; picture-in-picture"" allowfullscreen="""" frameborder=""0"" style=""position:absolute;top:0;left:0;width:100%;height:100%;""></iframe></div>"
"Term 1","Week 2","Mathematics","Rounding to 1000s","z","<div style=""padding:56.25% 0 0 0;position:relative;""><iframe src=""https://player.vimeo.com/video/1121112513?h=82558910d3&amp;badge=0&amp;autopause=0&amp;player_id=0&amp;app_id=58479%2Fembed"" allow=""autoplay; fullscreen; picture-in-picture"" allowfullscreen="""" frameborder=""0"" style=""position:absolute;top:0;left:0;width:100%;height:100%;""></iframe></div>"
"Term 2","Week 16","English","Coordinating Conjunctions",NULL,NULL
"Term 2","Week 16","English","Subordinating Conjunctions","a","<div style=""padding:56.25% 0 0 0;position:relative;""><iframe src=""https://player.vimeo.com/video/1143412394?h=cdba2d5eb9&amp;badge=0&amp;autopause=0&amp;player_id=0&amp;app_id=58479%2Fembed"" allow=""autoplay; fullscreen; picture-in-picture"" allowfullscreen="""" frameborder=""0"" style=""position:absolute;top:0;left:0;width:100%;height:100%;""></iframe></div>"
"Term 1","Week 9","Mathematics","Word Problems for addition with regrouping(with carry)","r","<div style=""padding:56.25% 0 0 0;position:relative;""><iframe src=""https://player.vimeo.com/video/1141767586?h=e5e65d21b2&amp;badge=0&amp;autopause=0&amp;player_id=0&amp;app_id=58479"" frameborder=""0"" allow=""autoplay; fullscreen; picture-in-picture; clipboard-write; encrypted-media; web-share"" referrerpolicy=""strict-origin-when-cross-origin"" style=""position:absolute;top:0;left:0;width:100%;height:100%;"" title=""Word problems for mental addition""></iframe></div><script src=""https://player.vimeo.com/api/player.js""></script>"
"Term 1","Week 9","Mathematics","3 digit Addition","r","<div style=""padding:56.25% 0 0 0;position:relative;""><iframe src=""https://player.vimeo.com/video/1121586019?h=e88177e2e2&amp;badge=0&amp;autopause=0&amp;player_id=0&amp;app_id=58479%2Fembed"" allow=""autoplay; fullscreen; picture-in-picture"" allowfullscreen="""" frameborder=""0"" style=""position:absolute;top:0;left:0;width:100%;height:100%;""></iframe></div>"
"Term 1","Week 9","Mathematics","Addition with regrouping(with carry)","r",NULL
"Term 2","Week 17","English","Synonyms and Antonyms","a","<div style=""padding:56.25% 0 0 0;position:relative;""><iframe src=""https://player.vimeo.com/video/1143412758?h=725904cf8d&amp;badge=0&amp;autopause=0&amp;player_id=0&amp;app_id=58479"" frameborder=""0"" allow=""autoplay; fullscreen; picture-in-picture; clipboard-write; encrypted-media; web-share"" referrerpolicy=""strict-origin-when-cross-origin"" style=""position:absolute;top:0;left:0;width:100%;height:100%;"" title=""Synonyms and Antonyms Y3 (1)""></iframe></div><script src=""https://player.vimeo.com/api/player.js""></script>"
"Term 2","Week 18","English","Homophones and Homographs",NULL,NULL
"Term 1","Week 3","Mathematics","Rounding 5- and 6-digit numbers","z","<div style=""padding:56.25% 0 0 0;position:relative;""><iframe src=""https://player.vimeo.com/video/1121112325?h=f3c2386025&amp;badge=0&amp;autopause=0&amp;player_id=0&amp;app_id=58479%2Fembed"" allow=""autoplay; fullscreen; picture-in-picture"" allowfullscreen="""" frameborder=""0"" style=""position:absolute;top:0;left:0;width:100%;height:100%;""></iframe></div>"
"Term 1","Week 3","Mathematics","Number patterns","a","<div style=""padding:56.25% 0 0 0;position:relative;""><iframe src=""https://player.vimeo.com/video/1121109612?h=964df9607b&amp;badge=0&amp;autopause=0&amp;player_id=0&amp;app_id=58479"" frameborder=""0"" allow=""autoplay; fullscreen; picture-in-picture; clipboard-write; encrypted-media; web-share"" referrerpolicy=""strict-origin-when-cross-origin"" style=""position:absolute;top:0;left:0;width:100%;height:100%;"" title=""Number Patterns""></iframe></div><script src=""https://player.vimeo.com/api/player.js""></script>"
"Term 2","Week 19","English","Capitalisation",NULL,NULL
"Term 1","Week 4","English","Homophones and Homographs",NULL,NULL
"Term 3","Week 21","English","Verb Tense: Future",NULL,NULL
"Term 3","Week 21","English","Verb Tense Review (Present Simple, Past Simple)",NULL,NULL
"Term 1","Week 4","Mathematics","4-Digit Addition","a","<div style=""padding:56.25% 0 0 0;position:relative;""><iframe src=""https://player.vimeo.com/video/1121109480?h=901f35f394&amp;badge=0&amp;autopause=0&amp;player_id=0&amp;app_id=58479"" frameborder=""0"" allow=""autoplay; fullscreen; picture-in-picture; clipboard-write; encrypted-media; web-share"" referrerpolicy=""strict-origin-when-cross-origin"" style=""position:absolute;top:0;left:0;width:100%;height:100%;"" title=""Four digit addition Y4 Week 4""></iframe></div><script src=""https://player.vimeo.com/api/player.js""></script>"
"Term 1","Week 4","Mathematics","3-Digit Subtraction",NULL,NULL
"Term 1","Week 1","English","Types of Sentences",".","<div style=""padding:56.25% 0 0 0;position:relative;""><iframe src=""https://player.vimeo.com/video/1141813586?h=2348d8a9bf&amp;badge=0&amp;autopause=0&amp;player_id=0&amp;app_id=58479"" frameborder=""0"" allow=""autoplay; fullscreen; picture-in-picture; clipboard-write; encrypted-media; web-share"" referrerpolicy=""strict-origin-when-cross-origin"" style=""position:absolute;top:0;left:0;width:100%;height:100%;"" title=""Types of Sentences Y3""></iframe></div><script src=""https://player.vimeo.com/api/player.js""></script>"
"Term 1","Week 5","Mathematics","Subtraction from 1000s","a","<div style=""padding:56.25% 0 0 0;position:relative;""><iframe src=""https://player.vimeo.com/video/1142484790?h=646acb9a2f&amp;badge=0&amp;autopause=0&amp;player_id=0&amp;app_id=58479"" frameborder=""0"" allow=""autoplay; fullscreen; picture-in-picture; clipboard-write; encrypted-media; web-share"" referrerpolicy=""strict-origin-when-cross-origin"" style=""position:absolute;top:0;left:0;width:100%;height:100%;"" title=""Subtract from 1000 Y4 Week 6.1""></iframe></div><script src=""https://player.vimeo.com/api/player.js""></script>"
"Term 1","Week 5","Mathematics","4-Digit Subtraction",NULL,NULL
"Term 1","Week 2","English","Fragments & Run-ons","x",NULL
"Term 1","Week 6","Mathematics","Problems Involving Addition","a","<div style=""padding:56.25% 0 0 0;position:relative;""><iframe src=""https://player.vimeo.com/video/1142486985?h=a6a4cc69d4&amp;badge=0&amp;autopause=0&amp;player_id=0&amp;app_id=58479"" frameborder=""0"" allow=""autoplay; fullscreen; picture-in-picture; clipboard-write; encrypted-media; web-share"" referrerpolicy=""strict-origin-when-cross-origin"" style=""position:absolute;top:0;left:0;width:100%;height:100%;"" title=""Problems Involving Addition""></iframe></div><script src=""https://player.vimeo.com/api/player.js""></script>"
"Term 1","Week 6","Mathematics","Problems Involving Subtraction",NULL,NULL
"Term 1","Week 6","Mathematics","Subtraction from 1000s","a","<div style=""padding:56.25% 0 0 0;position:relative;""><iframe src=""https://player.vimeo.com/video/1142484790?h=646acb9a2f&amp;badge=0&amp;autopause=0&amp;player_id=0&amp;app_id=58479"" frameborder=""0"" allow=""autoplay; fullscreen; picture-in-picture; clipboard-write; encrypted-media; web-share"" referrerpolicy=""strict-origin-when-cross-origin"" style=""position:absolute;top:0;left:0;width:100%;height:100%;"" title=""Subtract from 1000 Y4 Week 6.1""></iframe></div><script src=""https://player.vimeo.com/api/player.js""></script>"
"Term 1","Week 1","Mathematics","Number to one billion","X",NULL
"Term 1","Week 1","Mathematics","Place value to millions","x","<div style=""padding:56.25% 0 0 0;position:relative;""><iframe src=""https://player.vimeo.com/video/1121860931?h=68c07064b0&amp;badge=0&amp;autopause=0&amp;player_id=0&amp;app_id=58479%2Fembed"" allow=""autoplay; fullscreen; picture-in-picture"" allowfullscreen="""" frameborder=""0"" style=""position:absolute;top:0;left:0;width:100%;height:100%;""></iframe></div>"
"Term 1","Week 1","Mathematics","Writing the numeral","x","<div style=""padding:56.25% 0 0 0;position:relative;""><iframe src=""https://player.vimeo.com/video/1121860837?h=559b93e2c9&amp;badge=0&amp;autopause=0&amp;player_id=0&amp;app_id=58479%2Fembed"" allow=""autoplay; fullscreen; picture-in-picture"" allowfullscreen="""" frameborder=""0"" style=""position:absolute;top:0;left:0;width:100%;height:100%;""></iframe></div>"
"Term 1","Week 7","Mathematics","Addition ( need only 5 digit )",NULL,NULL
"Term 1","Week 7","Mathematics","Subtraction ( 5 digit)",NULL,NULL
"Term 1","Week 7","Mathematics","Problems Involving Addition ( 5 digit )","a","<div style=""padding:56.25% 0 0 0;position:relative;""><iframe src=""https://player.vimeo.com/video/1142486985?h=a6a4cc69d4&amp;badge=0&amp;autopause=0&amp;player_id=0&amp;app_id=58479"" frameborder=""0"" allow=""autoplay; fullscreen; picture-in-picture; clipboard-write; encrypted-media; web-share"" referrerpolicy=""strict-origin-when-cross-origin"" style=""position:absolute;top:0;left:0;width:100%;height:100%;"" title=""Problems Involving Addition""></iframe></div><script src=""https://player.vimeo.com/api/player.js""></script>"
"Term 1","Week 7","Mathematics","Problems Involving Subtraction ( 5 digit )",NULL,NULL
"Term 3","Week 23","English","Continuous Tenses",NULL,NULL
"Term 1","Week 2","Mathematics","Expanded Notation","x","<div style=""padding:56.25% 0 0 0;position:relative;""><iframe src=""https://player.vimeo.com/video/1121860884?h=8c420e7942&amp;badge=0&amp;autopause=0&amp;player_id=0&amp;app_id=58479"" frameborder=""0"" allow=""autoplay; fullscreen; picture-in-picture; clipboard-write; encrypted-media; web-share"" referrerpolicy=""strict-origin-when-cross-origin"" style=""position:absolute;top:0;left:0;width:100%;height:100%;"" title=""Expanded Notation as A Numeral""></iframe></div><script src=""https://player.vimeo.com/api/player.js""></script>"
"Term 1","Week 2","Mathematics","Rounding Numbers","x","<div style=""padding:56.25% 0 0 0;position:relative;""><iframe src=""https://player.vimeo.com/video/1141667176?h=b546b30a78&amp;badge=0&amp;autopause=0&amp;player_id=0&amp;app_id=58479"" frameborder=""0"" allow=""autoplay; fullscreen; picture-in-picture; clipboard-write; encrypted-media; web-share"" referrerpolicy=""strict-origin-when-cross-origin"" style=""position:absolute;top:0;left:0;width:100%;height:100%;"" title=""Rounding numbers - Y6""></iframe></div><script src=""https://player.vimeo.com/api/player.js""></script>"
"Term 1","Week 8","Mathematics","Estimating sums and differences",NULL,NULL
"Term 1","Week 8","Mathematics","Shopping Problems",NULL,NULL
"Term 1","Week 8","Mathematics","More Shopping",NULL,NULL
"Term 3","Week 25","English","Contractions","a","<div style=""padding:56.25% 0 0 0;position:relative;""><iframe src=""https://player.vimeo.com/video/1143411428?h=9420c2d65d&amp;badge=0&amp;autopause=0&amp;player_id=0&amp;app_id=58479"" frameborder=""0"" allow=""autoplay; fullscreen; picture-in-picture; clipboard-write; encrypted-media; web-share"" referrerpolicy=""strict-origin-when-cross-origin"" style=""position:absolute;top:0;left:0;width:100%;height:100%;"" title=""Contractions (1)""></iframe></div><script src=""https://player.vimeo.com/api/player.js""></script>"
"Term 1","Week 9","Mathematics","AM and PM Time","a",NULL
"Term 1","Week 9","Mathematics","Time Conversions","a","<div style=""padding:56.25% 0 0 0;position:relative;""><iframe src=""https://player.vimeo.com/video/1121106286?h=d0c83a4e90&amp;badge=0&amp;autopause=0&amp;player_id=0&amp;app_id=58479"" frameborder=""0"" allow=""autoplay; fullscreen; picture-in-picture; clipboard-write; encrypted-media; web-share"" referrerpolicy=""strict-origin-when-cross-origin"" style=""position:absolute;top:0;left:0;width:100%;height:100%;"" title=""TIME CONVERSIONS""></iframe></div><script src=""https://player.vimeo.com/api/player.js""></script>"
"Term 3","Week 22","English","Perfect Tenses",NULL,NULL
"Term 1","Week 10","Mathematics","Time Lines","a","<div style=""padding:56.25% 0 0 0;position:relative;""><iframe src=""https://player.vimeo.com/video/1142481637?h=df2f7933e8&amp;badge=0&amp;autopause=0&amp;player_id=0&amp;app_id=58479%2Fembed"" allow=""autoplay; fullscreen; picture-in-picture"" allowfullscreen="""" frameborder=""0"" style=""position:absolute;top:0;left:0;width:100%;height:100%;""></iframe></div>"
"Term 1","Week 10","Mathematics","Time Differences","x","<div style=""padding:56.25% 0 0 0;position:relative;""><iframe src=""https://player.vimeo.com/video/1142481573?h=f199c83ddb&amp;badge=0&amp;autopause=0&amp;player_id=0&amp;app_id=58479"" frameborder=""0"" allow=""autoplay; fullscreen; picture-in-picture; clipboard-write; encrypted-media; web-share"" referrerpolicy=""strict-origin-when-cross-origin"" style=""position:absolute;top:0;left:0;width:100%;height:100%;"" title=""TIME DIFFERENCE""></iframe></div><script src=""https://player.vimeo.com/api/player.js""></script>"
"Term 1","Week 3","Mathematics","Multiples","x","<div style=""padding:56.25% 0 0 0;position:relative;""><iframe src=""https://player.vimeo.com/video/1121721787?h=abd19685bb&amp;badge=0&amp;autopause=0&amp;player_id=0&amp;app_id=58479%2Fembed"" allow=""autoplay; fullscreen; picture-in-picture"" allowfullscreen="""" frameborder=""0"" style=""position:absolute;top:0;left:0;width:100%;height:100%;""></iframe></div>"
"Term 1","Week 3","Mathematics","Factors","x","<div style=""padding:75% 0 0 0;position:relative;""><iframe src=""https://player.vimeo.com/video/1121720640?h=370f5bbcdc&amp;badge=0&amp;autopause=0&amp;player_id=0&amp;app_id=58479"" frameborder=""0"" allow=""autoplay; fullscreen; picture-in-picture; clipboard-write; encrypted-media; web-share"" referrerpolicy=""strict-origin-when-cross-origin"" style=""position:absolute;top:0;left:0;width:100%;height:100%;"" title=""Factors Y4""></iframe></div><script src=""https://player.vimeo.com/api/player.js""></script>"
"Term 1","Week 3","Mathematics","Divisibility","a","<div style=""padding:56.25% 0 0 0;position:relative;""><iframe src=""https://player.vimeo.com/video/1121860722?h=8e1807921e&amp;badge=0&amp;autopause=0&amp;player_id=0&amp;app_id=58479"" frameborder=""0"" allow=""autoplay; fullscreen; picture-in-picture; clipboard-write; encrypted-media; web-share"" referrerpolicy=""strict-origin-when-cross-origin"" style=""position:absolute;top:0;left:0;width:100%;height:100%;"" title=""Divisibility Test  - Y5""></iframe></div><script src=""https://player.vimeo.com/api/player.js""></script>"
"Term 1","Week 10","Mathematics","Angles","a","<div style=""padding:56.25% 0 0 0;position:relative;""><iframe src=""https://player.vimeo.com/video/1141767248?h=43a5e4834a&amp;badge=0&amp;autopause=0&amp;player_id=0&amp;app_id=58479"" frameborder=""0"" allow=""autoplay; fullscreen; picture-in-picture; clipboard-write; encrypted-media; web-share"" referrerpolicy=""strict-origin-when-cross-origin"" style=""position:absolute;top:0;left:0;width:100%;height:100%;"" title=""Angles""></iframe></div><script src=""https://player.vimeo.com/api/player.js""></script>"
"Term 1","Week 10","Mathematics","Right-Angles","a","<div style=""padding:56.25% 0 0 0;position:relative;""><iframe src=""https://player.vimeo.com/video/1141829434?h=33a36b603a&amp;badge=0&amp;autopause=0&amp;player_id=0&amp;app_id=58479"" frameborder=""0"" allow=""autoplay; fullscreen; picture-in-picture; clipboard-write; encrypted-media; web-share"" referrerpolicy=""strict-origin-when-cross-origin"" style=""position:absolute;top:0;left:0;width:100%;height:100%;"" title=""Understanding Right Angles Y3 WIP""></iframe></div><script src=""https://player.vimeo.com/api/player.js""></script>"
"Term 1","Week 10","Mathematics","Parallel and Perpendicular Lines","r",NULL
"Term 1","Week 4","Mathematics","Addition upto 7-digits","a","<div style=""padding:56.25% 0 0 0;position:relative;""><iframe src=""https://player.vimeo.com/video/1121860570?h=9588ba172c&amp;badge=0&amp;autopause=0&amp;player_id=0&amp;app_id=58479"" frameborder=""0"" allow=""autoplay; fullscreen; picture-in-picture; clipboard-write; encrypted-media; web-share"" referrerpolicy=""strict-origin-when-cross-origin"" style=""position:absolute;top:0;left:0;width:100%;height:100%;"" title=""Addition up to 7 Digits - Y5 - W4""></iframe></div><script src=""https://player.vimeo.com/api/player.js""></script>"
"Term 1","Week 4","Mathematics","Substraction upto 7-digits","a","<div style=""padding:56.25% 0 0 0;position:relative;""><iframe src=""https://player.vimeo.com/video/1121734800?h=d0bf4c0c56&amp;badge=0&amp;autopause=0&amp;player_id=0&amp;app_id=58479"" frameborder=""0"" allow=""autoplay; fullscreen; picture-in-picture; clipboard-write; encrypted-media; web-share"" referrerpolicy=""strict-origin-when-cross-origin"" style=""position:absolute;top:0;left:0;width:100%;height:100%;"" title=""Subtraction up to 7 digits - Y5 - W4""></iframe></div><script src=""https://player.vimeo.com/api/player.js""></script>"
"Term 1","Week 4","Mathematics","Substraction from 10-thousands","a","<div style=""padding:56.25% 0 0 0;position:relative;""><iframe src=""https://player.vimeo.com/video/1121734750?h=0ccbbb2125&amp;badge=0&amp;autopause=0&amp;player_id=0&amp;app_id=58479"" frameborder=""0"" allow=""autoplay; fullscreen; picture-in-picture; clipboard-write; encrypted-media; web-share"" referrerpolicy=""strict-origin-when-cross-origin"" style=""position:absolute;top:0;left:0;width:100%;height:100%;"" title=""Subtraction from 10 thousand - Y5 - W4""></iframe></div><script src=""https://player.vimeo.com/api/player.js""></script>"
"Term 3","Week 24","English","Compound Words","a","<div style=""padding:56.25% 0 0 0;position:relative;""><iframe src=""https://player.vimeo.com/video/1143401349?h=a5d1d9179f&amp;badge=0&amp;autopause=0&amp;player_id=0&amp;app_id=58479"" frameborder=""0"" allow=""autoplay; fullscreen; picture-in-picture; clipboard-write; encrypted-media; web-share"" referrerpolicy=""strict-origin-when-cross-origin"" style=""position:absolute;top:0;left:0;width:100%;height:100%;"" title=""Compound Words Y3 (1)""></iframe></div><script src=""https://player.vimeo.com/api/player.js""></script>"
"Term 3","Week 24","English","Greek and Latin Roots",NULL,NULL
"Term 2","Week 11","Mathematics","Multiplication Arrays","a","<div style=""padding:56.25% 0 0 0;position:relative;""><iframe src=""https://player.vimeo.com/video/1121106080?h=02182da6b7&amp;badge=0&amp;autopause=0&amp;player_id=0&amp;app_id=58479%2Fembed"" allow=""autoplay; fullscreen; picture-in-picture"" allowfullscreen="""" frameborder=""0"" style=""position:absolute;top:0;left:0;width:100%;height:100%;""></iframe></div>"
"Term 2","Week 11","Mathematics","Times Table, 4 x","a","<div style=""padding:56.25% 0 0 0;position:relative;""><iframe src=""https://player.vimeo.com/video/1121105940?h=e7d96ff5fa&amp;badge=0&amp;autopause=0&amp;player_id=0&amp;app_id=58479%2Fembed"" allow=""autoplay; fullscreen; picture-in-picture"" allowfullscreen="""" frameborder=""0"" style=""position:absolute;top:0;left:0;width:100%;height:100%;""></iframe></div>"
"Term 2","Week 11","Mathematics","Times Table, 6 x","a","<div style=""padding:56.25% 0 0 0;position:relative;""><iframe src=""https://player.vimeo.com/video/1121105786?h=4fe4962db9&amp;badge=0&amp;autopause=0&amp;player_id=0&amp;app_id=58479"" frameborder=""0"" allow=""autoplay; fullscreen; picture-in-picture; clipboard-write; encrypted-media; web-share"" referrerpolicy=""strict-origin-when-cross-origin"" style=""position:absolute;top:0;left:0;width:100%;height:100%;"" title=""Six Times Table""></iframe></div><script src=""https://player.vimeo.com/api/player.js""></script>"
"Term 2","Week 11","Mathematics","Times Table, 7 x","a","<div style=""padding:56.25% 0 0 0;position:relative;""><iframe src=""https://player.vimeo.com/video/1121105652?h=958559a7b3&amp;badge=0&amp;autopause=0&amp;player_id=0&amp;app_id=58479%2Fembed"" allow=""autoplay; fullscreen; picture-in-picture"" allowfullscreen="""" frameborder=""0"" style=""position:absolute;top:0;left:0;width:100%;height:100%;""></iframe></div>"
"Term 1","Week 5","Mathematics","Problems Involving Addition","a","<div style=""padding:56.25% 0 0 0;position:relative;""><iframe src=""https://player.vimeo.com/video/1121734070?h=96b93fdc61&amp;badge=0&amp;autopause=0&amp;player_id=0&amp;app_id=58479%2Fembed"" allow=""autoplay; fullscreen; picture-in-picture"" allowfullscreen="""" frameborder=""0"" style=""position:absolute;top:0;left:0;width:100%;height:100%;""></iframe></div>"
"Term 1","Week 5","Mathematics","Problems Involving Substraction","x","x"
"Term 1","Week 6","Mathematics","Mental Strategies for Addition","a","<div style=""padding:56.25% 0 0 0;position:relative;""><iframe src=""https://player.vimeo.com/video/1121734055?h=f9c299ba92&amp;badge=0&amp;autopause=0&amp;player_id=0&amp;app_id=58479"" frameborder=""0"" allow=""autoplay; fullscreen; picture-in-picture; clipboard-write; encrypted-media; web-share"" referrerpolicy=""strict-origin-when-cross-origin"" style=""position:absolute;top:0;left:0;width:100%;height:100%;"" title=""Mental Strategies for Addition""></iframe></div><script src=""https://player.vimeo.com/api/player.js""></script>"
"Term 1","Week 6","Mathematics","Mental Strategies for Subtraction","a","<div style=""padding:56.25% 0 0 0;position:relative;""><iframe src=""https://player.vimeo.com/video/1121730537?h=dfc51f905e&amp;badge=0&amp;autopause=0&amp;player_id=0&amp;app_id=58479"" frameborder=""0"" allow=""autoplay; fullscreen; picture-in-picture; clipboard-write; encrypted-media; web-share"" referrerpolicy=""strict-origin-when-cross-origin"" style=""position:absolute;top:0;left:0;width:100%;height:100%;"" title=""Mental Strategies for Subtraction (1)""></iframe></div><script src=""https://player.vimeo.com/api/player.js""></script>"
"Term 2","Week 12","Mathematics","Times Tables, 8 x","a","<div style=""padding:56.25% 0 0 0;position:relative;""><iframe src=""https://player.vimeo.com/video/1121105519?h=3af9129977&amp;badge=0&amp;autopause=0&amp;player_id=0&amp;app_id=58479"" frameborder=""0"" allow=""autoplay; fullscreen; picture-in-picture; clipboard-write; encrypted-media; web-share"" referrerpolicy=""strict-origin-when-cross-origin"" style=""position:absolute;top:0;left:0;width:100%;height:100%;"" title=""Times table 8 Y4 Week 12""></iframe></div><script src=""https://player.vimeo.com/api/player.js""></script>"
"Term 2","Week 12","Mathematics","Times Table, 9 x","a","<div style=""padding:56.25% 0 0 0;position:relative;""><iframe src=""https://player.vimeo.com/video/1121105041?h=6e0daa1e33&amp;badge=0&amp;autopause=0&amp;player_id=0&amp;app_id=58479"" frameborder=""0"" allow=""autoplay; fullscreen; picture-in-picture; clipboard-write; encrypted-media; web-share"" referrerpolicy=""strict-origin-when-cross-origin"" style=""position:absolute;top:0;left:0;width:100%;height:100%;"" title=""Times table 9.1 Y4 Week 12""></iframe></div><script src=""https://player.vimeo.com/api/player.js""></script>"
"Term 2","Week 12","Mathematics","Connecting Multiplication and Division","a","<div style=""padding:75% 0 0 0;position:relative;""><iframe src=""https://player.vimeo.com/video/1121104574?h=bbbe785567&amp;badge=0&amp;autopause=0&amp;player_id=0&amp;app_id=58479"" frameborder=""0"" allow=""autoplay; fullscreen; picture-in-picture; clipboard-write; encrypted-media; web-share"" referrerpolicy=""strict-origin-when-cross-origin"" style=""position:absolute;top:0;left:0;width:100%;height:100%;"" title=""Connecting Multiplication and Division Y4 Week 12""></iframe></div><script src=""https://player.vimeo.com/api/player.js""></script>"
"Term 1","Week 7","Mathematics","Estimating by Rounding  Off","a","<div style=""padding:56.25% 0 0 0;position:relative;""><iframe src=""https://player.vimeo.com/video/1121730512?h=481405a366&amp;badge=0&amp;autopause=0&amp;player_id=0&amp;app_id=58479"" frameborder=""0"" allow=""autoplay; fullscreen; picture-in-picture; clipboard-write; encrypted-media; web-share"" referrerpolicy=""strict-origin-when-cross-origin"" style=""position:absolute;top:0;left:0;width:100%;height:100%;"" title=""Estimating by Rounding Off y5 week7""></iframe></div><script src=""https://player.vimeo.com/api/player.js""></script>"
"Term 1","Week 7","Mathematics","24 Hour Time","a","<div style=""padding:56.25% 0 0 0;position:relative;""><iframe src=""https://player.vimeo.com/video/1121730487?h=7e277a0bd3&amp;badge=0&amp;autopause=0&amp;player_id=0&amp;app_id=58479%2Fembed"" allow=""autoplay; fullscreen; picture-in-picture"" allowfullscreen="""" frameborder=""0"" style=""position:absolute;top:0;left:0;width:100%;height:100%;""></iframe></div>"
"Term 2","Week 13","Mathematics","Times Tables Mixed","a","<div style=""padding:56.25% 0 0 0;position:relative;""><iframe src=""https://player.vimeo.com/video/1121101995?h=0ac1527208&amp;badge=0&amp;autopause=0&amp;player_id=0&amp;app_id=58479"" frameborder=""0"" allow=""autoplay; fullscreen; picture-in-picture; clipboard-write; encrypted-media; web-share"" referrerpolicy=""strict-origin-when-cross-origin"" style=""position:absolute;top:0;left:0;width:100%;height:100%;"" title=""Times Table Mixed Y4 Week 13""></iframe></div><script src=""https://player.vimeo.com/api/player.js""></script>"
"Term 2","Week 13","Mathematics","Times Tables – Missing Number","z","<div style=""padding:56.25% 0 0 0;position:relative;""><iframe src=""https://player.vimeo.com/video/1121099688?h=87ade2ce9e&amp;badge=0&amp;autopause=0&amp;player_id=0&amp;app_id=58479"" frameborder=""0"" allow=""autoplay; fullscreen; picture-in-picture; clipboard-write; encrypted-media; web-share"" referrerpolicy=""strict-origin-when-cross-origin"" style=""position:absolute;top:0;left:0;width:100%;height:100%;"" title=""Times Table Missing Number""></iframe></div><script src=""https://player.vimeo.com/api/player.js""></script>"
"Term 2","Week 13","Mathematics","Multiplication Facts (1 – 6)","s","<div style=""padding:56.25% 0 0 0;position:relative;""><iframe src=""https://player.vimeo.com/video/1121095986?h=aa2c1690c1&amp;badge=0&amp;autopause=0&amp;player_id=0&amp;app_id=58479"" frameborder=""0"" allow=""autoplay; fullscreen; picture-in-picture; clipboard-write; encrypted-media; web-share"" referrerpolicy=""strict-origin-when-cross-origin"" style=""position:absolute;top:0;left:0;width:100%;height:100%;"" title=""Multiplication Facts from 1 to 6 Y4 Week 13""></iframe></div><script src=""https://player.vimeo.com/api/player.js""></script>"
"Term 2","Week 13","Mathematics","Multiplication Facts (7 – 12)","a","<div style=""padding:56.25% 0 0 0;position:relative;""><iframe src=""https://player.vimeo.com/video/1121059042?h=fae81790fe&amp;badge=0&amp;autopause=0&amp;player_id=0&amp;app_id=58479"" frameborder=""0"" allow=""autoplay; fullscreen; picture-in-picture; clipboard-write; encrypted-media; web-share"" referrerpolicy=""strict-origin-when-cross-origin"" style=""position:absolute;top:0;left:0;width:100%;height:100%;"" title=""Multiplication Facts from 7 to 12""></iframe></div><script src=""https://player.vimeo.com/api/player.js""></script>"
"Term 1","Week 8","Mathematics","Contracted Multiplication","a","<div style=""padding:56.25% 0 0 0;position:relative;""><iframe src=""https://player.vimeo.com/video/1121730452?h=a1847e0b69&amp;badge=0&amp;autopause=0&amp;player_id=0&amp;app_id=58479%2Fembed"" allow=""autoplay; fullscreen; picture-in-picture"" allowfullscreen="""" frameborder=""0"" style=""position:absolute;top:0;left:0;width:100%;height:100%;""></iframe></div>"
"Term 1","Week 8","Mathematics","Multiplying by tens, hundreds, and thousands","a","<div style=""padding:56.25% 0 0 0;position:relative;""><iframe src=""https://player.vimeo.com/video/1121730415?h=bbb01191d6&amp;badge=0&amp;autopause=0&amp;player_id=0&amp;app_id=58479%2Fembed"" allow=""autoplay; fullscreen; picture-in-picture"" allowfullscreen="""" frameborder=""0"" style=""position:absolute;top:0;left:0;width:100%;height:100%;""></iframe></div>"
"Term 1","Week 8","Mathematics","Problems Involving Multiplication","a","<div style=""padding:56.25% 0 0 0;position:relative;""><iframe src=""https://player.vimeo.com/video/1121730325?h=b892816109&amp;badge=0&amp;autopause=0&amp;player_id=0&amp;app_id=58479%2Fembed"" allow=""autoplay; fullscreen; picture-in-picture"" allowfullscreen="""" frameborder=""0"" style=""position:absolute;top:0;left:0;width:100%;height:100%;""></iframe></div>"
"Term 3","Week 27","English","Commas and Dashes","a","<div style=""padding:56.25% 0 0 0;position:relative;""><iframe src=""https://player.vimeo.com/video/1143391185?h=454375f753&amp;badge=0&amp;autopause=0&amp;player_id=0&amp;app_id=58479"" frameborder=""0"" allow=""autoplay; fullscreen; picture-in-picture; clipboard-write; encrypted-media; web-share"" referrerpolicy=""strict-origin-when-cross-origin"" style=""position:absolute;top:0;left:0;width:100%;height:100%;"" title=""Commas and Dashes Y3""></iframe></div><script src=""https://player.vimeo.com/api/player.js""></script>"
"Term 2","Week 11","Mathematics","Subtracting 10, 20, 30, …","r","<div style=""padding:56.25% 0 0 0;position:relative;""><iframe src=""https://player.vimeo.com/video/1121548018?h=235aade72b&amp;badge=0&amp;autopause=0&amp;player_id=0&amp;app_id=58479"" frameborder=""0"" allow=""autoplay; fullscreen; picture-in-picture; clipboard-write; encrypted-media; web-share"" referrerpolicy=""strict-origin-when-cross-origin"" style=""position:absolute;top:0;left:0;width:100%;height:100%;"" title=""Subtracting 10,20.. Y3""></iframe></div><script src=""https://player.vimeo.com/api/player.js""></script>"
"Term 2","Week 11","Mathematics","2-Digit Subtraction (No Trading)","r",NULL
"Term 2","Week 11","Mathematics","Number Line","a","<div style=""padding:56.25% 0 0 0;position:relative;""><iframe src=""https://player.vimeo.com/video/1123513546?h=9fb84b6c4b&amp;badge=0&amp;autopause=0&amp;player_id=0&amp;app_id=58479"" frameborder=""0"" allow=""autoplay; fullscreen; picture-in-picture; clipboard-write; encrypted-media; web-share"" referrerpolicy=""strict-origin-when-cross-origin"" style=""position:absolute;top:0;left:0;width:100%;height:100%;"" title=""Number Line - Y (1)""></iframe></div><script src=""https://player.vimeo.com/api/player.js""></script>"
"Term 2","Week 11","Mathematics","Division with Remainders","a","<div style=""padding:56.25% 0 0 0;position:relative;""><iframe src=""https://player.vimeo.com/video/1121730272?h=cc003ad027&amp;badge=0&amp;autopause=0&amp;player_id=0&amp;app_id=58479%2Fembed"" allow=""autoplay; fullscreen; picture-in-picture"" allowfullscreen="""" frameborder=""0"" style=""position:absolute;top:0;left:0;width:100%;height:100%;""></iframe></div>"
"Term 2","Week 11","Mathematics","Remainders by Grouping","x",NULL
"Term 3","Week 26","English","Coordinating Conjunctions",NULL,NULL
"Term 3","Week 26","English","Subordinating Conjunctions","a","<div style=""padding:56.25% 0 0 0;position:relative;""><iframe src=""https://player.vimeo.com/video/1122920027?h=55b6be4cc3&amp;badge=0&amp;autopause=0&amp;player_id=0&amp;app_id=58479%2Fembed"" allow=""autoplay; fullscreen; picture-in-picture"" allowfullscreen="""" frameborder=""0"" style=""position:absolute;top:0;left:0;width:100%;height:100%;""></iframe></div>"
"Term 2","Week 12","Mathematics","Remainders by Division Facts","x",NULL
"Term 2","Week 12","Mathematics","Short Division","a","<div style=""padding:56.25% 0 0 0;position:relative;""><iframe src=""https://player.vimeo.com/video/1121730224?h=5549fc3abe&amp;badge=0&amp;autopause=0&amp;player_id=0&amp;app_id=58479"" frameborder=""0"" allow=""autoplay; fullscreen; picture-in-picture; clipboard-write; encrypted-media; web-share"" referrerpolicy=""strict-origin-when-cross-origin"" style=""position:absolute;top:0;left:0;width:100%;height:100%;"" title=""Short Division""></iframe></div><script src=""https://player.vimeo.com/api/player.js""></script>"
"Term 2","Week 12","Mathematics","2-Digit Subtraction (With Trading)","r","<div style=""padding:56.25% 0 0 0;position:relative;""><iframe src=""https://player.vimeo.com/video/1121547813?h=54e8146cbf&amp;badge=0&amp;autopause=0&amp;player_id=0&amp;app_id=58479"" frameborder=""0"" allow=""autoplay; fullscreen; picture-in-picture; clipboard-write; encrypted-media; web-share"" referrerpolicy=""strict-origin-when-cross-origin"" style=""position:absolute;top:0;left:0;width:100%;height:100%;"" title=""Two digit subtraction with trading.2""></iframe></div><script src=""https://player.vimeo.com/api/player.js""></script>"
"Term 2","Week 12","Mathematics","Intro to Trading","r","<div style=""padding:56.25% 0 0 0;position:relative;""><iframe src=""https://player.vimeo.com/video/1121547723?h=62b089009b&amp;badge=0&amp;autopause=0&amp;player_id=0&amp;app_id=58479"" frameborder=""0"" allow=""autoplay; fullscreen; picture-in-picture; clipboard-write; encrypted-media; web-share"" referrerpolicy=""strict-origin-when-cross-origin"" style=""position:absolute;top:0;left:0;width:100%;height:100%;"" title=""Introduction to Trading""></iframe></div><script src=""https://player.vimeo.com/api/player.js""></script>"
"Term 2","Week 12","Mathematics","3-Digit Subtraction (With Trading)","r","<div style=""padding:56.25% 0 0 0;position:relative;""><iframe src=""https://player.vimeo.com/video/1141765799?h=a11c50fc9b&amp;badge=0&amp;autopause=0&amp;player_id=0&amp;app_id=58479"" frameborder=""0"" allow=""autoplay; fullscreen; picture-in-picture; clipboard-write; encrypted-media; web-share"" referrerpolicy=""strict-origin-when-cross-origin"" style=""position:absolute;top:0;left:0;width:100%;height:100%;"" title=""Three digit subtraction with trading1.1""></iframe></div><script src=""https://player.vimeo.com/api/player.js""></script>"
"Term 2","Week 13","Mathematics","Short Division (with Remainder ) 1","x","<div style=""padding:56.25% 0 0 0;position:relative;""><iframe src=""https://player.vimeo.com/video/1141811679?h=3d9883523d&amp;badge=0&amp;autopause=0&amp;player_id=0&amp;app_id=58479"" frameborder=""0"" allow=""autoplay; fullscreen; picture-in-picture; clipboard-write; encrypted-media; web-share"" referrerpolicy=""strict-origin-when-cross-origin"" style=""position:absolute;top:0;left:0;width:100%;height:100%;"" title=""Short Division (With Remainder) 1 Y5 Week 13 WIP""></iframe></div><script src=""https://player.vimeo.com/api/player.js""></script>"
"Term 2","Week 13","Mathematics","Short Division (with Remainder) 2","a","<div style=""padding:56.25% 0 0 0;position:relative;""><iframe src=""https://player.vimeo.com/video/1141811215?h=212370f303&amp;badge=0&amp;autopause=0&amp;player_id=0&amp;app_id=58479"" frameborder=""0"" allow=""autoplay; fullscreen; picture-in-picture; clipboard-write; encrypted-media; web-share"" referrerpolicy=""strict-origin-when-cross-origin"" style=""position:absolute;top:0;left:0;width:100%;height:100%;"" title=""Short Division (With Remainder) 2 Y5 Weel 13 WIP""></iframe></div><script src=""https://player.vimeo.com/api/player.js""></script>"
"Term 2","Week 18","Mathematics","Grid coordinates","s","<div style=""padding:56.25% 0 0 0;position:relative;""><iframe src=""https://player.vimeo.com/video/1121058307?h=757f0a1f15&amp;badge=0&amp;autopause=0&amp;player_id=0&amp;app_id=58479"" frameborder=""0"" allow=""autoplay; fullscreen; picture-in-picture; clipboard-write; encrypted-media; web-share"" referrerpolicy=""strict-origin-when-cross-origin"" style=""position:absolute;top:0;left:0;width:100%;height:100%;"" title=""Grid Coordinates yr 4 Week 18""></iframe></div><script src=""https://player.vimeo.com/api/player.js""></script>"
"Term 2","Week 14","Mathematics","Division with Fractional Remainder","a","<div style=""padding:56.25% 0 0 0;position:relative;""><iframe src=""https://player.vimeo.com/video/1121730106?h=f612486f1b&amp;badge=0&amp;autopause=0&amp;player_id=0&amp;app_id=58479%2Fembed"" allow=""autoplay; fullscreen; picture-in-picture"" allowfullscreen="""" frameborder=""0"" style=""position:absolute;top:0;left:0;width:100%;height:100%;""></iframe></div>"
"Term 2","Week 14","Mathematics","Short Division with Fractional Remainder","a","<div style=""padding:56.25% 0 0 0;position:relative;""><iframe src=""https://player.vimeo.com/video/1121730106?h=f612486f1b&amp;badge=0&amp;autopause=0&amp;player_id=0&amp;app_id=58479%2Fembed"" allow=""autoplay; fullscreen; picture-in-picture"" allowfullscreen="""" frameborder=""0"" style=""position:absolute;top:0;left:0;width:100%;height:100%;""></iframe></div>"
"Term 2","Week 15","Mathematics","Dividing by tens, hundreds and thousands","a","<div style=""padding:56.25% 0 0 0;position:relative;""><iframe src=""https://player.vimeo.com/video/1121727503?h=bed41bf761&amp;badge=0&amp;autopause=0&amp;player_id=0&amp;app_id=58479%2Fembed"" allow=""autoplay; fullscreen; picture-in-picture"" allowfullscreen="""" frameborder=""0"" style=""position:absolute;top:0;left:0;width:100%;height:100%;""></iframe></div>"
"Term 2","Week 15","Mathematics","Dividing by 10, 100, and 1000","a","<div style=""padding:56.25% 0 0 0;position:relative;""><iframe src=""https://player.vimeo.com/video/1121727503?h=bed41bf761&amp;badge=0&amp;autopause=0&amp;player_id=0&amp;app_id=58479%2Fembed"" allow=""autoplay; fullscreen; picture-in-picture"" allowfullscreen="""" frameborder=""0"" style=""position:absolute;top:0;left:0;width:100%;height:100%;""></iframe></div>"
"Term 2","Week 15","Mathematics","Dividing by a multiple of ten","x",NULL
"Term 4","Week 31","English","Interrogative Words","a","<div style=""padding:56.25% 0 0 0;position:relative;""><iframe src=""https://player.vimeo.com/video/1122919523?h=a491f70e86&amp;badge=0&amp;autopause=0&amp;player_id=0&amp;app_id=58479"" frameborder=""0"" allow=""autoplay; fullscreen; picture-in-picture; clipboard-write; encrypted-media; web-share"" referrerpolicy=""strict-origin-when-cross-origin"" style=""position:absolute;top:0;left:0;width:100%;height:100%;"" title=""Interrogative Words""></iframe></div><script src=""https://player.vimeo.com/api/player.js""></script>"
"Term 4","Week 32","English","Collective Nouns",NULL,NULL
"Term 4","Week 32","English","Count and Non-count Nouns",NULL,NULL
"Term 3","Week 21","Mathematics","Division by 3","a","<div style=""padding:56.25% 0 0 0;position:relative;""><iframe src=""https://player.vimeo.com/video/1121727299?h=a7cbef4e7b&amp;badge=0&amp;autopause=0&amp;player_id=0&amp;app_id=58479"" frameborder=""0"" allow=""autoplay; fullscreen; picture-in-picture; clipboard-write; encrypted-media; web-share"" referrerpolicy=""strict-origin-when-cross-origin"" style=""position:absolute;top:0;left:0;width:100%;height:100%;"" title=""Division by 3""></iframe></div><script src=""https://player.vimeo.com/api/player.js""></script>"
"Term 3","Week 21","Mathematics","Division by 4","a","<div style=""padding:56.25% 0 0 0;position:relative;""><iframe src=""https://player.vimeo.com/video/1121727143?h=c5059470b9&amp;badge=0&amp;autopause=0&amp;player_id=0&amp;app_id=58479%2Fembed"" allow=""autoplay; fullscreen; picture-in-picture"" allowfullscreen="""" frameborder=""0"" style=""position:absolute;top:0;left:0;width:100%;height:100%;""></iframe></div>"
"Term 3","Week 21","Mathematics","Division by 6","a","<div style=""padding:56.25% 0 0 0;position:relative;""><iframe src=""https://player.vimeo.com/video/1121726999?h=cc63ef16ed&amp;badge=0&amp;autopause=0&amp;player_id=0&amp;app_id=58479%2Fembed"" allow=""autoplay; fullscreen; picture-in-picture"" allowfullscreen="""" frameborder=""0"" style=""position:absolute;top:0;left:0;width:100%;height:100%;""></iframe></div>"
"Term 3","Week 21","Mathematics","Division by 7","a","<div style=""padding:56.25% 0 0 0;position:relative;""><iframe src=""https://player.vimeo.com/video/1121726920?h=c851521a07&amp;badge=0&amp;autopause=0&amp;player_id=0&amp;app_id=58479"" frameborder=""0"" allow=""autoplay; fullscreen; picture-in-picture; clipboard-write; encrypted-media; web-share"" referrerpolicy=""strict-origin-when-cross-origin"" style=""position:absolute;top:0;left:0;width:100%;height:100%;"" title=""Copy of Y4 Division by 7""></iframe></div><script src=""https://player.vimeo.com/api/player.js""></script>"
"Term 4","Week 33","English","Personal, Possessive and Reflexive Pronouns","a","<div style=""padding:56.25% 0 0 0;position:relative;""><iframe src=""https://player.vimeo.com/video/1122913565?h=7f4f1ba927&amp;badge=0&amp;autopause=0&amp;player_id=0&amp;app_id=58479"" frameborder=""0"" allow=""autoplay; fullscreen; picture-in-picture; clipboard-write; encrypted-media; web-share"" referrerpolicy=""strict-origin-when-cross-origin"" style=""position:absolute;top:0;left:0;width:100%;height:100%;"" title=""Pronouns Personal, Possessive, and Reflexive Y3""></iframe></div><script src=""https://player.vimeo.com/api/player.js""></script>"
"Term 3","Week 22","Mathematics","Division by 8","a","<div style=""padding:56.25% 0 0 0;position:relative;""><iframe src=""https://player.vimeo.com/video/1121726688?h=f92f1b9a94&amp;badge=0&amp;autopause=0&amp;player_id=0&amp;app_id=58479%2Fembed"" allow=""autoplay; fullscreen; picture-in-picture"" allowfullscreen="""" frameborder=""0"" style=""position:absolute;top:0;left:0;width:100%;height:100%;""></iframe></div>"
"Term 3","Week 22","Mathematics","Division by 9","a","<div style=""padding:75.00% 0 0 0;position:relative;""><iframe src=""https://player.vimeo.com/video/1121726555?h=5e8bb7d45d&amp;badge=0&amp;autopause=0&amp;player_id=0&amp;app_id=58479%2Fembed"" allow=""autoplay; fullscreen; picture-in-picture"" allowfullscreen="""" frameborder=""0"" style=""position:absolute;top:0;left:0;width:100%;height:100%;""></iframe></div>"
"Term 3","Week 22","Mathematics","Division by 11","a","<div style=""padding:56.25% 0 0 0;position:relative;""><iframe src=""https://player.vimeo.com/video/1121726410?h=09889c951a&amp;badge=0&amp;autopause=0&amp;player_id=0&amp;app_id=58479%2Fembed"" allow=""autoplay; fullscreen; picture-in-picture"" allowfullscreen="""" frameborder=""0"" style=""position:absolute;top:0;left:0;width:100%;height:100%;""></iframe></div>"
"Term 3","Week 22","Mathematics","Division by 12","a","<div style=""padding:56.25% 0 0 0;position:relative;""><iframe src=""https://player.vimeo.com/video/1121726828?h=e63b844f1c&amp;badge=0&amp;autopause=0&amp;player_id=0&amp;app_id=58479%2Fembed"" allow=""autoplay; fullscreen; picture-in-picture"" allowfullscreen="""" frameborder=""0"" style=""position:absolute;top:0;left:0;width:100%;height:100%;""></iframe></div>"
"Term 2","Week 13","Mathematics","3-Digit Subtraction (Borrow, Pay-Back)","r",NULL
"Term 2","Week 13","Mathematics","2-Digit Subtraction( Borrow, Pay-Back)","a",NULL
"Term 4","Week 34","English","Modal Verbs_Will,Shall and Can","a","<div style=""padding:56.25% 0 0 0;position:relative;""><iframe src=""https://player.vimeo.com/video/1122912006?h=79f8c6763f&amp;badge=0&amp;autopause=0&amp;player_id=0&amp;app_id=58479"" frameborder=""0"" allow=""autoplay; fullscreen; picture-in-picture; clipboard-write; encrypted-media; web-share"" referrerpolicy=""strict-origin-when-cross-origin"" style=""position:absolute;top:0;left:0;width:100%;height:100%;"" title=""Modal Verbs Will, Shall, Can Y3""></iframe></div><script src=""https://player.vimeo.com/api/player.js""></script>"
"Term 4","Week 34","English","Modal Verbs_Would,Should and Could","a","<div style=""padding:56.25% 0 0 0;position:relative;""><iframe src=""https://player.vimeo.com/video/1122911844?h=af997854d1&amp;badge=0&amp;autopause=0&amp;player_id=0&amp;app_id=58479"" frameborder=""0"" allow=""autoplay; fullscreen; picture-in-picture; clipboard-write; encrypted-media; web-share"" referrerpolicy=""strict-origin-when-cross-origin"" style=""position:absolute;top:0;left:0;width:100%;height:100%;"" title=""Modal Verbs Would, Should, and Could Y3""></iframe></div><script src=""https://player.vimeo.com/api/player.js""></script>"
"Term 4","Week 35","English","Direct and Indirect Speech",NULL,NULL
"Term 3","Week 23","Mathematics","Division Facts (1 – 6 )","a","<div style=""padding:56.25% 0 0 0;position:relative;""><iframe src=""https://player.vimeo.com/video/1121725843?h=158f16cf78&amp;badge=0&amp;autopause=0&amp;player_id=0&amp;app_id=58479%2Fembed"" allow=""autoplay; fullscreen; picture-in-picture"" allowfullscreen="""" frameborder=""0"" style=""position:absolute;top:0;left:0;width:100%;height:100%;""></iframe></div>"
"Term 3","Week 23","Mathematics","Division Facts ( 7 – 12)","a","<div style=""padding:56.25% 0 0 0;position:relative;""><iframe src=""https://player.vimeo.com/video/1121725424?h=e0ee0e8bd0&amp;badge=0&amp;autopause=0&amp;player_id=0&amp;app_id=58479%2Fembed"" allow=""autoplay; fullscreen; picture-in-picture"" allowfullscreen="""" frameborder=""0"" style=""position:absolute;top:0;left:0;width:100%;height:100%;""></iframe></div>"
"Term 3","Week 23","Mathematics","Dividing by 10, 100, 1000","a","<div style=""padding:56.25% 0 0 0;position:relative;""><iframe src=""https://player.vimeo.com/video/1121725175?h=b98a48abaf&amp;badge=0&amp;autopause=0&amp;player_id=0&amp;app_id=58479"" frameborder=""0"" allow=""autoplay; fullscreen; picture-in-picture; clipboard-write; encrypted-media; web-share"" referrerpolicy=""strict-origin-when-cross-origin"" style=""position:absolute;top:0;left:0;width:100%;height:100%;"" title=""Division by 10s,100s adn 1000s""></iframe></div><script src=""https://player.vimeo.com/api/player.js""></script>"
"Term 3","Week 24","Mathematics","Division of Large Numbers","x",NULL
"Term 3","Week 24","Mathematics","Division Algorithm","a","<div style=""padding:56.25% 0 0 0;position:relative;""><iframe src=""https://player.vimeo.com/video/1121725144?h=fbe2a71231&amp;badge=0&amp;autopause=0&amp;player_id=0&amp;app_id=58479%2Fembed"" allow=""autoplay; fullscreen; picture-in-picture"" allowfullscreen="""" frameborder=""0"" style=""position:absolute;top:0;left:0;width:100%;height:100%;""></iframe></div>"
"Term 3","Week 24","Mathematics","Short Division ( 2-Digit)","a","<div style=""padding:56.25% 0 0 0;position:relative;""><iframe src=""https://player.vimeo.com/video/1121722910?h=654113ccbe&amp;badge=0&amp;autopause=0&amp;player_id=0&amp;app_id=58479"" frameborder=""0"" allow=""autoplay; fullscreen; picture-in-picture; clipboard-write; encrypted-media; web-share"" referrerpolicy=""strict-origin-when-cross-origin"" style=""position:absolute;top:0;left:0;width:100%;height:100%;"" title=""Short Division (2 digit)""></iframe></div><script src=""https://player.vimeo.com/api/player.js""></script>"
"Term 3","Week 25","Mathematics","Short Division(3-Digit)","a","<div style=""padding:56.25% 0 0 0;position:relative;""><iframe src=""https://player.vimeo.com/video/1121722778?h=ff4e3295da&amp;badge=0&amp;autopause=0&amp;player_id=0&amp;app_id=58479%2Fembed"" allow=""autoplay; fullscreen; picture-in-picture"" allowfullscreen="""" frameborder=""0"" style=""position:absolute;top:0;left:0;width:100%;height:100%;""></iframe></div>"
"Term 3","Week 25","Mathematics","Dividing 4-digit numbers","x",NULL
"Term 2","Week 14","Mathematics","Checking Subtraction using Addition","r",NULL
"Term 2","Week 14","Mathematics","Word Problems for Subtraction with Regrouping","r",NULL
"Term 2","Week 14","Mathematics","Subtraction with regrouping (2 and 3 digit)","r",NULL
"Term 4","Week 36","English","Similes and Metaphors","a","<div style=""padding:56.25% 0 0 0;position:relative;""><iframe src=""https://player.vimeo.com/video/1122898446?h=759af3982e&amp;badge=0&amp;autopause=0&amp;player_id=0&amp;app_id=58479%2Fembed"" allow=""autoplay; fullscreen; picture-in-picture"" allowfullscreen="""" frameborder=""0"" style=""position:absolute;top:0;left:0;width:100%;height:100%;""></iframe></div>"
"Term 4","Week 36","English","Idiomatic Expressions",NULL,NULL
"Term 3","Week 25","Mathematics","Problems Involving Division","a","<div style=""padding:56.25% 0 0 0;position:relative;""><iframe src=""https://player.vimeo.com/video/1121722562?h=d93a1875b1&amp;badge=0&amp;autopause=0&amp;player_id=0&amp;app_id=58479"" frameborder=""0"" allow=""autoplay; fullscreen; picture-in-picture; clipboard-write; encrypted-media; web-share"" referrerpolicy=""strict-origin-when-cross-origin"" style=""position:absolute;top:0;left:0;width:100%;height:100%;"" title=""Problems involving Division""></iframe></div><script src=""https://player.vimeo.com/api/player.js""></script>"
"Term 3","Week 26","Mathematics","Estimation and division","a","<div style=""padding:56.25% 0 0 0;position:relative;""><iframe src=""https://player.vimeo.com/video/1121722135?h=b34d6f6c47&amp;badge=0&amp;autopause=0&amp;player_id=0&amp;app_id=58479%2Fembed"" allow=""autoplay; fullscreen; picture-in-picture"" allowfullscreen="""" frameborder=""0"" style=""position:absolute;top:0;left:0;width:100%;height:100%;""></iframe></div>"
"Term 3","Week 26","Mathematics","Multiples","a","<div style=""padding:56.25% 0 0 0;position:relative;""><iframe src=""https://player.vimeo.com/video/1121721787?h=abd19685bb&amp;badge=0&amp;autopause=0&amp;player_id=0&amp;app_id=58479%2Fembed"" allow=""autoplay; fullscreen; picture-in-picture"" allowfullscreen="""" frameborder=""0"" style=""position:absolute;top:0;left:0;width:100%;height:100%;""></iframe></div>"
"Term 3","Week 26","Mathematics","Common multiples","a","<div style=""padding:75.00% 0 0 0;position:relative;""><iframe src=""https://player.vimeo.com/video/1121721475?h=1842b2e54a&amp;badge=0&amp;autopause=0&amp;player_id=0&amp;app_id=58479%2Fembed"" allow=""autoplay; fullscreen; picture-in-picture"" allowfullscreen="""" frameborder=""0"" style=""position:absolute;top:0;left:0;width:100%;height:100%;""></iframe></div>"
"Term 3","Week 27","Mathematics","Factors","a","<div style=""padding:75% 0 0 0;position:relative;""><iframe src=""https://player.vimeo.com/video/1121720640?h=370f5bbcdc&amp;badge=0&amp;autopause=0&amp;player_id=0&amp;app_id=58479"" frameborder=""0"" allow=""autoplay; fullscreen; picture-in-picture; clipboard-write; encrypted-media; web-share"" referrerpolicy=""strict-origin-when-cross-origin"" style=""position:absolute;top:0;left:0;width:100%;height:100%;"" title=""Factors Y4""></iframe></div><script src=""https://player.vimeo.com/api/player.js""></script>"
"Term 3","Week 27","Mathematics","Common factors","a","<div style=""padding:56.25% 0 0 0;position:relative;""><iframe src=""https://player.vimeo.com/video/1121721254?h=e99ab8eb7d&amp;badge=0&amp;autopause=0&amp;player_id=0&amp;app_id=58479%2Fembed"" allow=""autoplay; fullscreen; picture-in-picture"" allowfullscreen="""" frameborder=""0"" style=""position:absolute;top:0;left:0;width:100%;height:100%;""></iframe></div>"
"Term 3","Week 27","Mathematics","Prime numbers and composite numbers","a","<div style=""padding:75.00% 0 0 0;position:relative;""><iframe src=""https://player.vimeo.com/video/1121721007?h=ab61bba114&amp;badge=0&amp;autopause=0&amp;player_id=0&amp;app_id=58479%2Fembed"" allow=""autoplay; fullscreen; picture-in-picture"" allowfullscreen="""" frameborder=""0"" style=""position:absolute;top:0;left:0;width:100%;height:100%;""></iframe></div>"
"Term 4","Week 37","English","Word Grouping",NULL,NULL
"Term 3","Week 28","Mathematics","Equal Number Sentences","a","<div style=""padding:56.25% 0 0 0;position:relative;""><iframe src=""https://player.vimeo.com/video/1121720309?h=66b4648e64&amp;badge=0&amp;autopause=0&amp;player_id=0&amp;app_id=58479%2Fembed"" allow=""autoplay; fullscreen; picture-in-picture"" allowfullscreen="""" frameborder=""0"" style=""position:absolute;top:0;left:0;width:100%;height:100%;""></iframe></div>"
"Term 3","Week 28","Mathematics","Investigate Even and Odd Numbers","a","<div style=""padding:56.25% 0 0 0;position:relative;""><iframe src=""https://player.vimeo.com/video/1121719978?h=af320060ce&amp;badge=0&amp;autopause=0&amp;player_id=0&amp;app_id=58479%2Fembed"" allow=""autoplay; fullscreen; picture-in-picture"" allowfullscreen="""" frameborder=""0"" style=""position:absolute;top:0;left:0;width:100%;height:100%;""></iframe></div>"
"Term 3","Week 28","Mathematics","Patterns Involving Multiples","a","<div style=""padding:56.25% 0 0 0;position:relative;""><iframe src=""https://player.vimeo.com/video/1121719678?h=d78386fe08&amp;badge=0&amp;autopause=0&amp;player_id=0&amp;app_id=58479"" frameborder=""0"" allow=""autoplay; fullscreen; picture-in-picture; clipboard-write; encrypted-media; web-share"" referrerpolicy=""strict-origin-when-cross-origin"" style=""position:absolute;top:0;left:0;width:100%;height:100%;"" title=""Patterns in Multiples""></iframe></div><script src=""https://player.vimeo.com/api/player.js""></script>"
"Term 2","Week 15","Mathematics","Mental Subtraction","r","<div style=""padding:56.25% 0 0 0;position:relative;""><iframe src=""https://player.vimeo.com/video/1121547538?h=e5d6923cf6&amp;badge=0&amp;autopause=0&amp;player_id=0&amp;app_id=58479"" frameborder=""0"" allow=""autoplay; fullscreen; picture-in-picture; clipboard-write; encrypted-media; web-share"" referrerpolicy=""strict-origin-when-cross-origin"" style=""position:absolute;top:0;left:0;width:100%;height:100%;"" title=""Mental Strategies for Subtraction""></iframe></div><script src=""https://player.vimeo.com/api/player.js""></script>"
"Term 2","Week 15","Mathematics","Word problems for mental subtraction","r","<div style=""padding:56.25% 0 0 0;position:relative;""><iframe src=""https://player.vimeo.com/video/1121547365?h=8ec8feaca3&amp;badge=0&amp;autopause=0&amp;player_id=0&amp;app_id=58479%2Fembed"" allow=""autoplay; fullscreen; picture-in-picture"" allowfullscreen="""" frameborder=""0"" style=""position:absolute;top:0;left:0;width:100%;height:100%;""></iframe></div>"
"Term 2","Week 15","Mathematics","2-Step Word Problems","r","<div style=""padding:56.25% 0 0 0;position:relative;""><iframe src=""https://player.vimeo.com/video/1121141927?h=224710ae6a&amp;badge=0&amp;autopause=0&amp;player_id=0&amp;app_id=58479"" frameborder=""0"" allow=""autoplay; fullscreen; picture-in-picture; clipboard-write; encrypted-media; web-share"" referrerpolicy=""strict-origin-when-cross-origin"" style=""position:absolute;top:0;left:0;width:100%;height:100%;"" title=""Two Step Problems""></iframe></div><script src=""https://player.vimeo.com/api/player.js""></script>"
"Term 4","Week 31","Mathematics","Chance Experiments","x","<div style=""padding:56.25% 0 0 0;position:relative;""><iframe src=""https://player.vimeo.com/video/1121048492?h=13c8ef1f5d&amp;badge=0&amp;autopause=0&amp;player_id=0&amp;app_id=58479"" frameborder=""0"" allow=""autoplay; fullscreen; picture-in-picture; clipboard-write; encrypted-media; web-share"" referrerpolicy=""strict-origin-when-cross-origin"" style=""position:absolute;top:0;left:0;width:100%;height:100%;"" title=""Chance Experiments.1### (1)""></iframe></div><script src=""https://player.vimeo.com/api/player.js""></script>"
"Term 4","Week 31","Mathematics","Recording Events of Chance","x","<div style=""padding:56.25% 0 0 0;position:relative;""><iframe src=""https://player.vimeo.com/video/1142479889?h=9558740377&amp;badge=0&amp;autopause=0&amp;player_id=0&amp;app_id=58479"" frameborder=""0"" allow=""autoplay; fullscreen; picture-in-picture; clipboard-write; encrypted-media; web-share"" referrerpolicy=""strict-origin-when-cross-origin"" style=""position:absolute;top:0;left:0;width:100%;height:100%;"" title=""Recording events of chance""></iframe></div><script src=""https://player.vimeo.com/api/player.js""></script>"
"Term 1","Week 10","English","Revision I",NULL,NULL
"Term 4","Week 31","Mathematics","Chance Experiments","x","<div style=""padding:56.25% 0 0 0;position:relative;""><iframe src=""https://player.vimeo.com/video/1120923797?h=f7afc63a0f&amp;badge=0&amp;autopause=0&amp;player_id=0&amp;app_id=58479"" frameborder=""0"" allow=""autoplay; fullscreen; picture-in-picture; clipboard-write; encrypted-media; web-share"" referrerpolicy=""strict-origin-when-cross-origin"" style=""position:absolute;top:0;left:0;width:100%;height:100%;"" title=""Chance Experiments.1###""></iframe></div><script src=""https://player.vimeo.com/api/player.js""></script>"
"Term 4","Week 31","Mathematics","Recording Events of Chance","w","<div style=""padding:75% 0 0 0;position:relative;""><iframe src=""https://player.vimeo.com/video/1121048327?h=cc53d44521&amp;badge=0&amp;autopause=0&amp;player_id=0&amp;app_id=58479"" frameborder=""0"" allow=""autoplay; fullscreen; picture-in-picture; clipboard-write; encrypted-media; web-share"" referrerpolicy=""strict-origin-when-cross-origin"" style=""position:absolute;top:0;left:0;width:100%;height:100%;"" title=""Recording events of chance""></iframe></div><script src=""https://player.vimeo.com/api/player.js""></script>"
"Term 3","Week 29","Mathematics","Balancing Scales","a","<div style=""padding:56.25% 0 0 0;position:relative;""><iframe src=""https://player.vimeo.com/video/1121719370?h=294f50ec93&amp;badge=0&amp;autopause=0&amp;player_id=0&amp;app_id=58479%2Fembed"" allow=""autoplay; fullscreen; picture-in-picture"" allowfullscreen="""" frameborder=""0"" style=""position:absolute;top:0;left:0;width:100%;height:100%;""></iframe></div>"
"Term 3","Week 29","Mathematics","Two – Step Problems","a","<div style=""padding:56.25% 0 0 0;position:relative;""><iframe src=""https://player.vimeo.com/video/1121718452?h=7ed9da9f54&amp;badge=0&amp;autopause=0&amp;player_id=0&amp;app_id=58479%2Fembed"" allow=""autoplay; fullscreen; picture-in-picture"" allowfullscreen="""" frameborder=""0"" style=""position:absolute;top:0;left:0;width:100%;height:100%;""></iframe></div>"
"Term 3","Week 29","Mathematics","Looking for Patterns","a","<div style=""padding:56.25% 0 0 0;position:relative;""><iframe src=""https://player.vimeo.com/video/1121717659?h=6ce3b53b0d&amp;badge=0&amp;autopause=0&amp;player_id=0&amp;app_id=58479%2Fembed"" allow=""autoplay; fullscreen; picture-in-picture"" allowfullscreen="""" frameborder=""0"" style=""position:absolute;top:0;left:0;width:100%;height:100%;""></iframe></div>"
"Term 4","Week 32","Mathematics","Measuring in Centimetres","w","<div style=""padding:56.25% 0 0 0;position:relative;""><iframe src=""https://player.vimeo.com/video/1121048092?h=be83324fd0&amp;badge=0&amp;autopause=0&amp;player_id=0&amp;app_id=58479"" frameborder=""0"" allow=""autoplay; fullscreen; picture-in-picture; clipboard-write; encrypted-media; web-share"" referrerpolicy=""strict-origin-when-cross-origin"" style=""position:absolute;top:0;left:0;width:100%;height:100%;"" title=""Measuring in centimetres.2""></iframe></div><script src=""https://player.vimeo.com/api/player.js""></script>"
"Term 4","Week 32","Mathematics","Measuring in Millimetres","w","<div style=""padding:56.25% 0 0 0;position:relative;""><iframe src=""https://player.vimeo.com/video/1121047898?h=37ba0df80d&amp;badge=0&amp;autopause=0&amp;player_id=0&amp;app_id=58479"" frameborder=""0"" allow=""autoplay; fullscreen; picture-in-picture; clipboard-write; encrypted-media; web-share"" referrerpolicy=""strict-origin-when-cross-origin"" style=""position:absolute;top:0;left:0;width:100%;height:100%;"" title=""Measuring in millimetres.1_1""></iframe></div><script src=""https://player.vimeo.com/api/player.js""></script>"
"Term 4","Week 32","Mathematics","Measuring in Metres","e",NULL
"Term 2","Week 20","English","Revision II",NULL,NULL
"Term 3","Week 30","Mathematics","Solving a Simpler Problem First","x",NULL
"Term 3","Week 30","Mathematics","Types of Angles","a","<div style=""padding:56.25% 0 0 0;position:relative;""><iframe src=""https://player.vimeo.com/video/1141784934?h=f32d055d17&amp;badge=0&amp;autopause=0&amp;player_id=0&amp;app_id=58479"" frameborder=""0"" allow=""autoplay; fullscreen; picture-in-picture; clipboard-write; encrypted-media; web-share"" referrerpolicy=""strict-origin-when-cross-origin"" style=""position:absolute;top:0;left:0;width:100%;height:100%;"" title=""Types of angles""></iframe></div><script src=""https://player.vimeo.com/api/player.js""></script>"
"Term 3","Week 30","Mathematics","Naming Line Types","x",NULL
"Term 4","Week 33","Mathematics","Measuring Area using Squares","s","<div style=""padding:56.25% 0 0 0;position:relative;""><iframe src=""https://player.vimeo.com/video/1121046766?h=6015ca362d&amp;badge=0&amp;autopause=0&amp;player_id=0&amp;app_id=58479"" frameborder=""0"" allow=""autoplay; fullscreen; picture-in-picture; clipboard-write; encrypted-media; web-share"" referrerpolicy=""strict-origin-when-cross-origin"" style=""position:absolute;top:0;left:0;width:100%;height:100%;"" title=""Measuring area using squares .1""></iframe></div><script src=""https://player.vimeo.com/api/player.js""></script>"
"Term 4","Week 33","Mathematics","Comparing Areas","x","<div style=""padding:56.25% 0 0 0;position:relative;""><iframe src=""https://player.vimeo.com/video/1121046621?h=936d094bae&amp;badge=0&amp;autopause=0&amp;player_id=0&amp;app_id=58479"" frameborder=""0"" allow=""autoplay; fullscreen; picture-in-picture; clipboard-write; encrypted-media; web-share"" referrerpolicy=""strict-origin-when-cross-origin"" style=""position:absolute;top:0;left:0;width:100%;height:100%;"" title=""Comparing Areas Y4""></iframe></div><script src=""https://player.vimeo.com/api/player.js""></script>"
"Term 3","Week 28","English","Pronoun-Verb Agreement",NULL,NULL
"Term 3","Week 28","English","Compound Subjects with Pronouns",NULL,NULL
"Term 4","Week 31","Mathematics","Comparing with a Half","a","<div style=""padding:56.25% 0 0 0;position:relative;""><iframe src=""https://player.vimeo.com/video/1121717335?h=4850692b34&amp;badge=0&amp;autopause=0&amp;player_id=0&amp;app_id=58479"" frameborder=""0"" allow=""autoplay; fullscreen; picture-in-picture; clipboard-write; encrypted-media; web-share"" referrerpolicy=""strict-origin-when-cross-origin"" style=""position:absolute;top:0;left:0;width:100%;height:100%;"" title=""Comparison with half""></iframe></div><script src=""https://player.vimeo.com/api/player.js""></script>"
"Term 4","Week 31","Mathematics","Equivalent fractions","a","<div style=""padding:75% 0 0 0;position:relative;""><iframe src=""https://player.vimeo.com/video/1141759191?h=b18d163a00&amp;badge=0&amp;autopause=0&amp;player_id=0&amp;app_id=58479"" frameborder=""0"" allow=""autoplay; fullscreen; picture-in-picture; clipboard-write; encrypted-media; web-share"" referrerpolicy=""strict-origin-when-cross-origin"" style=""position:absolute;top:0;left:0;width:100%;height:100%;"" title=""Equivalent Fractions Y4""></iframe></div><script src=""https://player.vimeo.com/api/player.js""></script>"
"Term 4","Week 31","Mathematics","Comparing and ordering fractions","a","<div style=""padding:56.25% 0 0 0;position:relative;""><iframe src=""https://player.vimeo.com/video/1121716756?h=c2300a71d7&amp;badge=0&amp;autopause=0&amp;player_id=0&amp;app_id=58479"" frameborder=""0"" allow=""autoplay; fullscreen; picture-in-picture; clipboard-write; encrypted-media; web-share"" referrerpolicy=""strict-origin-when-cross-origin"" style=""position:absolute;top:0;left:0;width:100%;height:100%;"" title=""Comparing and Ordering Fractions Y4""></iframe></div><script src=""https://player.vimeo.com/api/player.js""></script>"
"Term 4","Week 31","Mathematics","More Equivalent Fraction","a","<div style=""padding:56.25% 0 0 0;position:relative;""><iframe src=""https://player.vimeo.com/video/1141759035?h=a4f9a48d46&amp;badge=0&amp;autopause=0&amp;player_id=0&amp;app_id=58479"" frameborder=""0"" allow=""autoplay; fullscreen; picture-in-picture; clipboard-write; encrypted-media; web-share"" referrerpolicy=""strict-origin-when-cross-origin"" style=""position:absolute;top:0;left:0;width:100%;height:100%;"" title=""More Equivalent Fractions Y4""></iframe></div><script src=""https://player.vimeo.com/api/player.js""></script>"
"Term 2","Week 16","Mathematics","Paying for Things","r","<div style=""padding:56.25% 0 0 0;position:relative;""><iframe src=""https://player.vimeo.com/video/1121141058?h=0e04c46969&amp;badge=0&amp;autopause=0&amp;player_id=0&amp;app_id=58479"" frameborder=""0"" allow=""autoplay; fullscreen; picture-in-picture; clipboard-write; encrypted-media; web-share"" referrerpolicy=""strict-origin-when-cross-origin"" style=""position:absolute;top:0;left:0;width:100%;height:100%;"" title=""Paying for Things Revised""></iframe></div><script src=""https://player.vimeo.com/api/player.js""></script>"
"Term 2","Week 16","Mathematics","Getting Change1","r",NULL
"Term 2","Week 16","Mathematics","Getting Change2","r","<div style=""padding:56.25% 0 0 0;position:relative;""><iframe src=""https://player.vimeo.com/video/1121140324?h=0cdb8911fc&amp;badge=0&amp;autopause=0&amp;player_id=0&amp;app_id=58479"" frameborder=""0"" allow=""autoplay; fullscreen; picture-in-picture; clipboard-write; encrypted-media; web-share"" referrerpolicy=""strict-origin-when-cross-origin"" style=""position:absolute;top:0;left:0;width:100%;height:100%;"" title=""Getting Change 2""></iframe></div><script src=""https://player.vimeo.com/api/player.js""></script>"
"Term 4","Week 32","Mathematics","Halves, Quarters and Eighths","a","<div style=""padding:56.25% 0 0 0;position:relative;""><iframe src=""https://player.vimeo.com/video/1121715938?h=ba9e7e496e&amp;badge=0&amp;autopause=0&amp;player_id=0&amp;app_id=58479%2Fembed"" allow=""autoplay; fullscreen; picture-in-picture"" allowfullscreen="""" frameborder=""0"" style=""position:absolute;top:0;left:0;width:100%;height:100%;""></iframe></div>"
"Term 4","Week 32","Mathematics","Count by Fractions","x",NULL
"Term 4","Week 32","Mathematics","Improper fractions and mixed numbers","a","<div style=""padding:75% 0 0 0;position:relative;""><iframe src=""https://player.vimeo.com/video/1141758867?h=c0eef98b58&amp;badge=0&amp;autopause=0&amp;player_id=0&amp;app_id=58479"" frameborder=""0"" allow=""autoplay; fullscreen; picture-in-picture; clipboard-write; encrypted-media; web-share"" referrerpolicy=""strict-origin-when-cross-origin"" style=""position:absolute;top:0;left:0;width:100%;height:100%;"" title=""Improper and Mixed Fractions Y4""></iframe></div><script src=""https://player.vimeo.com/api/player.js""></script>"
"Term 4","Week 32","Mathematics","Expressing a mixed number as an improper fraction","a","<div style=""padding:56.25% 0 0 0;position:relative;""><iframe src=""https://player.vimeo.com/video/1141758380?h=d028ddf695&amp;badge=0&amp;autopause=0&amp;player_id=0&amp;app_id=58479"" frameborder=""0"" allow=""autoplay; fullscreen; picture-in-picture; clipboard-write; encrypted-media; web-share"" referrerpolicy=""strict-origin-when-cross-origin"" style=""position:absolute;top:0;left:0;width:100%;height:100%;"" title=""Expressing a mixed number as an improper fraction Y4""></iframe></div><script src=""https://player.vimeo.com/api/player.js""></script>"
"Term 4","Week 32","Mathematics","Expressing an improper fraction as a mixed number","a","<div style=""padding:56.25% 0 0 0;position:relative;""><iframe src=""https://player.vimeo.com/video/1121715495?h=095076c3a9&amp;badge=0&amp;autopause=0&amp;player_id=0&amp;app_id=58479"" frameborder=""0"" allow=""autoplay; fullscreen; picture-in-picture; clipboard-write; encrypted-media; web-share"" referrerpolicy=""strict-origin-when-cross-origin"" style=""position:absolute;top:0;left:0;width:100%;height:100%;"" title=""Expressing an improper fraction as a mixed number Y4""></iframe></div><script src=""https://player.vimeo.com/api/player.js""></script>"
"Term 4","Week 34","Mathematics","Column Graphs 1","w","<div style=""padding:56.25% 0 0 0;position:relative;""><iframe src=""https://player.vimeo.com/video/1121045500?h=7f1e0ba477&amp;badge=0&amp;autopause=0&amp;player_id=0&amp;app_id=58479"" frameborder=""0"" allow=""autoplay; fullscreen; picture-in-picture; clipboard-write; encrypted-media; web-share"" referrerpolicy=""strict-origin-when-cross-origin"" style=""position:absolute;top:0;left:0;width:100%;height:100%;"" title=""Column graph1""></iframe></div><script src=""https://player.vimeo.com/api/player.js""></script>"
"Term 4","Week 34","Mathematics","Column Graphs 2","a","<div style=""padding:56.25% 0 0 0;position:relative;""><iframe src=""https://player.vimeo.com/video/1121046035?h=17130a27bd&amp;badge=0&amp;autopause=0&amp;player_id=0&amp;app_id=58479"" frameborder=""0"" allow=""autoplay; fullscreen; picture-in-picture; clipboard-write; encrypted-media; web-share"" referrerpolicy=""strict-origin-when-cross-origin"" style=""position:absolute;top:0;left:0;width:100%;height:100%;"" title=""Column graph2""></iframe></div><script src=""https://player.vimeo.com/api/player.js""></script>"
"Term 3","Week 30","English","Revision III",NULL,NULL
"Term 4","Week 34","Mathematics","Introduction to Decimals","a","<div style=""padding:56.25% 0 0 0;position:relative;""><iframe src=""https://player.vimeo.com/video/1121715007?h=8835085051&amp;badge=0&amp;autopause=0&amp;player_id=0&amp;app_id=58479%2Fembed"" allow=""autoplay; fullscreen; picture-in-picture"" allowfullscreen="""" frameborder=""0"" style=""position:absolute;top:0;left:0;width:100%;height:100%;""></iframe></div>"
"Term 4","Week 34","Mathematics","Tenths to Decimals","x",NULL
"Term 4","Week 34","Mathematics","Hundredths to Decimals","z","<div style=""padding:56.25% 0 0 0;position:relative;""><iframe src=""https://player.vimeo.com/video/1121712705?h=c45a197ca1&amp;badge=0&amp;autopause=0&amp;player_id=0&amp;app_id=58479"" frameborder=""0"" allow=""autoplay; fullscreen; picture-in-picture; clipboard-write; encrypted-media; web-share"" referrerpolicy=""strict-origin-when-cross-origin"" style=""position:absolute;top:0;left:0;width:100%;height:100%;"" title=""Line Graphs Y4""></iframe></div><script src=""https://player.vimeo.com/api/player.js""></script>"
"Term 4","Week 35","Mathematics","Comparing Containers with 1 Litre","w","<div style=""padding:75% 0 0 0;position:relative;""><iframe src=""https://player.vimeo.com/video/1121045042?h=ff48c80a79&amp;badge=0&amp;autopause=0&amp;player_id=0&amp;app_id=58479"" frameborder=""0"" allow=""autoplay; fullscreen; picture-in-picture; clipboard-write; encrypted-media; web-share"" referrerpolicy=""strict-origin-when-cross-origin"" style=""position:absolute;top:0;left:0;width:100%;height:100%;"" title=""Comparing containers with 1 litre""></iframe></div><script src=""https://player.vimeo.com/api/player.js""></script>"
"Term 4","Week 35","Mathematics","Measuring Mass in Kilograms","s","<div style=""padding:56.25% 0 0 0;position:relative;""><iframe src=""https://player.vimeo.com/video/1121043816?h=b94d3e9cfd&amp;badge=0&amp;autopause=0&amp;player_id=0&amp;app_id=58479"" frameborder=""0"" allow=""autoplay; fullscreen; picture-in-picture; clipboard-write; encrypted-media; web-share"" referrerpolicy=""strict-origin-when-cross-origin"" style=""position:absolute;top:0;left:0;width:100%;height:100%;"" title=""Measuring Mass in Kilograms.1_1""></iframe></div><script src=""https://player.vimeo.com/api/player.js""></script>"
"Term 4","Week 35","Mathematics","Measuring Mass in Grams","z","<div style=""padding:56.25% 0 0 0;position:relative;""><iframe src=""https://player.vimeo.com/video/1121044537?h=eacd1676b7&amp;badge=0&amp;autopause=0&amp;player_id=0&amp;app_id=58479"" frameborder=""0"" allow=""autoplay; fullscreen; picture-in-picture; clipboard-write; encrypted-media; web-share"" referrerpolicy=""strict-origin-when-cross-origin"" style=""position:absolute;top:0;left:0;width:100%;height:100%;"" title=""Measuring Mass in Grams""></iframe></div><script src=""https://player.vimeo.com/api/player.js""></script>"
"Term 4","Week 35","Mathematics","Place Value of Decimals","x",NULL
"Term 4","Week 35","Mathematics","Expanding Decimals","x",NULL
"Term 4","Week 35","Mathematics","Rounding to the Nearest Whole","a","<div style=""padding:56.25% 0 0 0;position:relative;""><iframe src=""https://player.vimeo.com/video/1141757804?h=1e8fcbaad4&amp;badge=0&amp;autopause=0&amp;player_id=0&amp;app_id=58479"" frameborder=""0"" allow=""autoplay; fullscreen; picture-in-picture; clipboard-write; encrypted-media; web-share"" referrerpolicy=""strict-origin-when-cross-origin"" style=""position:absolute;top:0;left:0;width:100%;height:100%;"" title=""Rounding to nearest whole number Y4""></iframe></div><script src=""https://player.vimeo.com/api/player.js""></script>"
"Term 4","Week 39","English","Vowels and Consonants",NULL,NULL
"Term 4","Week 39","English","Syllables and Pronunciation",NULL,NULL
"Term 4","Week 36","Mathematics","Picture Graphs","z","<div style=""padding:56.25% 0 0 0;position:relative;""><iframe src=""https://player.vimeo.com/video/1121712664?h=e6bfb3c56c&amp;badge=0&amp;autopause=0&amp;player_id=0&amp;app_id=58479%2Fembed"" allow=""autoplay; fullscreen; picture-in-picture"" allowfullscreen="""" frameborder=""0"" style=""position:absolute;top:0;left:0;width:100%;height:100%;""></iframe></div>"
"Term 4","Week 36","Mathematics","Line graphs and plots","z","<div style=""padding:56.25% 0 0 0;position:relative;""><iframe src=""https://player.vimeo.com/video/1121712705?h=c45a197ca1&amp;badge=0&amp;autopause=0&amp;player_id=0&amp;app_id=58479"" frameborder=""0"" allow=""autoplay; fullscreen; picture-in-picture; clipboard-write; encrypted-media; web-share"" referrerpolicy=""strict-origin-when-cross-origin"" style=""position:absolute;top:0;left:0;width:100%;height:100%;"" title=""Line Graphs Y4""></iframe></div><script src=""https://player.vimeo.com/api/player.js""></script>"
"Term 4","Week 36","Mathematics","How many blocks?",NULL,NULL
"Term 4","Week 36","Mathematics","Telling the time (Analog)","v","<div style=""padding:56.25% 0 0 0;position:relative;""><iframe src=""https://player.vimeo.com/video/1121043411?h=9e4adc4a8f&amp;badge=0&amp;autopause=0&amp;player_id=0&amp;app_id=58479"" frameborder=""0"" allow=""autoplay; fullscreen; picture-in-picture; clipboard-write; encrypted-media; web-share"" referrerpolicy=""strict-origin-when-cross-origin"" style=""position:absolute;top:0;left:0;width:100%;height:100%;"" title=""Telling the time""></iframe></div><script src=""https://player.vimeo.com/api/player.js""></script>"
"Term 4","Week 36","Mathematics","Digital and Analog Time","v","<div style=""padding:56.25% 0 0 0;position:relative;""><iframe src=""https://player.vimeo.com/video/1121043144?h=807b65415e&amp;badge=0&amp;autopause=0&amp;player_id=0&amp;app_id=58479%2Fembed"" allow=""autoplay; fullscreen; picture-in-picture"" allowfullscreen="""" frameborder=""0"" style=""position:absolute;top:0;left:0;width:100%;height:100%;""></iframe></div>"
"Term 4","Week 38","English","Alphabetical Ordering",NULL,NULL
"Term 4","Week 38","English","Formatting",NULL,NULL
"Term 4","Week 37","Mathematics","Units of Time","x","<div style=""padding:56.25% 0 0 0;position:relative;""><iframe src=""https://player.vimeo.com/video/1121042724?h=ed714164bc&amp;badge=0&amp;autopause=0&amp;player_id=0&amp;app_id=58479%2Fembed"" allow=""autoplay; fullscreen; picture-in-picture"" allowfullscreen="""" frameborder=""0"" style=""position:absolute;top:0;left:0;width:100%;height:100%;""></iframe></div>"
"Term 4","Week 37","Mathematics","Shapes",NULL,NULL
"Term 4","Week 37","Mathematics","Trapezium and Parallelogram","s","<div style=""padding:56.25% 0 0 0;position:relative;""><iframe src=""https://player.vimeo.com/video/1121042572?h=e68db27bf6&amp;badge=0&amp;autopause=0&amp;player_id=0&amp;app_id=58479"" frameborder=""0"" allow=""autoplay; fullscreen; picture-in-picture; clipboard-write; encrypted-media; web-share"" referrerpolicy=""strict-origin-when-cross-origin"" style=""position:absolute;top:0;left:0;width:100%;height:100%;"" title=""Parallelogram and Trapezium""></iframe></div><script src=""https://player.vimeo.com/api/player.js""></script>"
"Term 4","Week 37","Mathematics","Comparing Measurements","z","<div style=""padding:56.25% 0 0 0;position:relative;""><iframe src=""https://player.vimeo.com/video/1121712628?h=a5041c93c2&amp;badge=0&amp;autopause=0&amp;player_id=0&amp;app_id=58479%2Fembed"" allow=""autoplay; fullscreen; picture-in-picture"" allowfullscreen="""" frameborder=""0"" style=""position:absolute;top:0;left:0;width:100%;height:100%;""></iframe></div>"
"Term 4","Week 37","Mathematics","Recording Lengths using Decimals","x",NULL
"Term 4","Week 39","Mathematics","Comparing Areas","x","<div style=""padding:56.25% 0 0 0;position:relative;""><iframe src=""https://player.vimeo.com/video/1141757541?h=e2557b5132&amp;badge=0&amp;autopause=0&amp;player_id=0&amp;app_id=58479"" frameborder=""0"" allow=""autoplay; fullscreen; picture-in-picture; clipboard-write; encrypted-media; web-share"" referrerpolicy=""strict-origin-when-cross-origin"" style=""position:absolute;top:0;left:0;width:100%;height:100%;"" title=""Comparing Areas Y4""></iframe></div><script src=""https://player.vimeo.com/api/player.js""></script>"
"Term 4","Week 39","Mathematics","Estimating areas","z","<div style=""padding:56.25% 0 0 0;position:relative;""><iframe src=""https://player.vimeo.com/video/1121712606?h=4d5ff47164&amp;badge=0&amp;autopause=0&amp;player_id=0&amp;app_id=58479%2Fembed"" allow=""autoplay; fullscreen; picture-in-picture"" allowfullscreen="""" frameborder=""0"" style=""position:absolute;top:0;left:0;width:100%;height:100%;""></iframe></div>"
"Term 4","Week 38","Mathematics","Regular Shapes","d","<div style=""padding:56.25% 0 0 0;position:relative;""><iframe src=""https://player.vimeo.com/video/1121042298?h=67a8869a2e&amp;badge=0&amp;autopause=0&amp;player_id=0&amp;app_id=58479"" frameborder=""0"" allow=""autoplay; fullscreen; picture-in-picture; clipboard-write; encrypted-media; web-share"" referrerpolicy=""strict-origin-when-cross-origin"" style=""position:absolute;top:0;left:0;width:100%;height:100%;"" title=""Regular Shapes""></iframe></div><script src=""https://player.vimeo.com/api/player.js""></script>"
"Term 4","Week 38","Mathematics","Axis of Symmetry","m","<div style=""padding:56.25% 0 0 0;position:relative;""><iframe src=""https://player.vimeo.com/video/1121041758?h=a37bc2d2f1&amp;badge=0&amp;autopause=0&amp;player_id=0&amp;app_id=58479"" frameborder=""0"" allow=""autoplay; fullscreen; picture-in-picture; clipboard-write; encrypted-media; web-share"" referrerpolicy=""strict-origin-when-cross-origin"" style=""position:absolute;top:0;left:0;width:100%;height:100%;"" title=""Axis of Symmetry""></iframe></div><script src=""https://player.vimeo.com/api/player.js""></script>"
"Term 4","Week 38","Mathematics","Prism and Pyramids","s","<div style=""padding:56.25% 0 0 0;position:relative;""><iframe src=""https://player.vimeo.com/video/1121041422?h=e66f1691f4&amp;badge=0&amp;autopause=0&amp;player_id=0&amp;app_id=58479"" frameborder=""0"" allow=""autoplay; fullscreen; picture-in-picture; clipboard-write; encrypted-media; web-share"" referrerpolicy=""strict-origin-when-cross-origin"" style=""position:absolute;top:0;left:0;width:100%;height:100%;"" title=""Pyramids and Prisms""></iframe></div><script src=""https://player.vimeo.com/api/player.js""></script>"
"Term 3","Week 29","English","Linking Words",NULL,NULL
"Term 4","Week 40","Mathematics","Order Chances of Everyday Events","a","<div style=""padding:56.25% 0 0 0;position:relative;""><iframe src=""https://player.vimeo.com/video/1141757358?h=c7380a37f5&amp;badge=0&amp;autopause=0&amp;player_id=0&amp;app_id=58479"" frameborder=""0"" allow=""autoplay; fullscreen; picture-in-picture; clipboard-write; encrypted-media; web-share"" referrerpolicy=""strict-origin-when-cross-origin"" style=""position:absolute;top:0;left:0;width:100%;height:100%;"" title=""Order Chances of Everyday Objects Y4""></iframe></div><script src=""https://player.vimeo.com/api/player.js""></script>"
"Term 4","Week 40","Mathematics","Dependent and Independent Events","a","<div style=""padding:56.25% 0 0 0;position:relative;""><iframe src=""https://player.vimeo.com/video/1141757254?h=64bc5bd222&amp;badge=0&amp;autopause=0&amp;player_id=0&amp;app_id=58479"" frameborder=""0"" allow=""autoplay; fullscreen; picture-in-picture; clipboard-write; encrypted-media; web-share"" referrerpolicy=""strict-origin-when-cross-origin"" style=""position:absolute;top:0;left:0;width:100%;height:100%;"" title=""Dependant and Independant Events Y4""></iframe></div><script src=""https://player.vimeo.com/api/player.js""></script>"
"Term 4","Week 40","English","Revision IV",NULL,NULL
"Term 2","Week 17","Mathematics","Groups of 3","r","<div style=""padding:56.25% 0 0 0;position:relative;""><iframe src=""https://player.vimeo.com/video/1121139453?h=28b0fb8850&amp;badge=0&amp;autopause=0&amp;player_id=0&amp;app_id=58479"" frameborder=""0"" allow=""autoplay; fullscreen; picture-in-picture; clipboard-write; encrypted-media; web-share"" referrerpolicy=""strict-origin-when-cross-origin"" style=""position:absolute;top:0;left:0;width:100%;height:100%;"" title=""Group of 3""></iframe></div><script src=""https://player.vimeo.com/api/player.js""></script>"
"Term 2","Week 17","Mathematics","Groups of 4","r","<div style=""padding:56.25% 0 0 0;position:relative;""><iframe src=""https://player.vimeo.com/video/1121138169?h=ca96efd563&amp;badge=0&amp;autopause=0&amp;player_id=0&amp;app_id=58479"" frameborder=""0"" allow=""autoplay; fullscreen; picture-in-picture; clipboard-write; encrypted-media; web-share"" referrerpolicy=""strict-origin-when-cross-origin"" style=""position:absolute;top:0;left:0;width:100%;height:100%;"" title=""Group of Four Revised""></iframe></div><script src=""https://player.vimeo.com/api/player.js""></script>"
"Term 2","Week 17","Mathematics","Groups of 5","r","<div style=""padding:56.25% 0 0 0;position:relative;""><iframe src=""https://player.vimeo.com/video/1121137215?h=f867f95df9&amp;badge=0&amp;autopause=0&amp;player_id=0&amp;app_id=58479"" frameborder=""0"" allow=""autoplay; fullscreen; picture-in-picture; clipboard-write; encrypted-media; web-share"" referrerpolicy=""strict-origin-when-cross-origin"" style=""position:absolute;top:0;left:0;width:100%;height:100%;"" title=""Group of Five""></iframe></div><script src=""https://player.vimeo.com/api/player.js""></script>"
"Term 4","Week 39","Mathematics","Slides and Turns","s","<div style=""padding:56.25% 0 0 0;position:relative;""><iframe src=""https://player.vimeo.com/video/1121041202?h=4f9f5fc6f0&amp;badge=0&amp;autopause=0&amp;player_id=0&amp;app_id=58479"" frameborder=""0"" allow=""autoplay; fullscreen; picture-in-picture; clipboard-write; encrypted-media; web-share"" referrerpolicy=""strict-origin-when-cross-origin"" style=""position:absolute;top:0;left:0;width:100%;height:100%;"" title=""Slides and Turns""></iframe></div><script src=""https://player.vimeo.com/api/player.js""></script>"
"Term 4","Week 39","Mathematics","Giving Directions","x","<div style=""padding:56.25% 0 0 0;position:relative;""><iframe src=""https://player.vimeo.com/video/1121040980?h=7b06e4089e&amp;badge=0&amp;autopause=0&amp;player_id=0&amp;app_id=58479%2Fembed"" allow=""autoplay; fullscreen; picture-in-picture"" allowfullscreen="""" frameborder=""0"" style=""position:absolute;top:0;left:0;width:100%;height:100%;""></iframe></div>"
"Term 2","Week 16","Mathematics","Divide 2-digit numbers by 2-digit numbers","a","<div style=""padding:56.25% 0 0 0;position:relative;""><iframe src=""https://player.vimeo.com/video/1123262803?h=3ea96b2b71&amp;badge=0&amp;autopause=0&amp;player_id=0&amp;app_id=58479%2Fembed"" allow=""autoplay; fullscreen; picture-in-picture"" allowfullscreen="""" frameborder=""0"" style=""position:absolute;top:0;left:0;width:100%;height:100%;""></iframe></div>"
"Term 2","Week 16","Mathematics","Divide 3-digit numbers by 2-digit numbers","q","<div style=""padding:75% 0 0 0;position:relative;""><iframe src=""https://player.vimeo.com/video/1141809668?h=a024ece9cc&amp;badge=0&amp;autopause=0&amp;player_id=0&amp;app_id=58479"" frameborder=""0"" allow=""autoplay; fullscreen; picture-in-picture; clipboard-write; encrypted-media; web-share"" referrerpolicy=""strict-origin-when-cross-origin"" style=""position:absolute;top:0;left:0;width:100%;height:100%;"" title=""Dividing 2 and 3 digit numbers using 5""></iframe></div><script src=""https://player.vimeo.com/api/player.js""></script>"
"Term 2","Week 16","Mathematics","Divide 4-digit numbers by 2-digit numbers","x",NULL
"Term 3","Week 27","English","Modal Verbs_Will, Shall and Can (Set 1)",NULL,NULL
"Term 3","Week 27","English","Modal Verbs_Would, Should and Could (Set 2)",NULL,NULL
"Term 4","Week 40","Mathematics","Describing Position","a","<div style=""padding:56.25% 0 0 0;position:relative;""><iframe src=""https://player.vimeo.com/video/1142472121?h=cc6a8e2747&amp;badge=0&amp;autopause=0&amp;player_id=0&amp;app_id=58479"" frameborder=""0"" allow=""autoplay; fullscreen; picture-in-picture; clipboard-write; encrypted-media; web-share"" referrerpolicy=""strict-origin-when-cross-origin"" style=""position:absolute;top:0;left:0;width:100%;height:100%;"" title=""Describing Position_1""></iframe></div><script src=""https://player.vimeo.com/api/player.js""></script>"
"Term 4","Week 40","Mathematics","Grid Coordinates","a","<div style=""padding:56.25% 0 0 0;position:relative;""><iframe src=""https://player.vimeo.com/video/1142471005?h=e505828479&amp;badge=0&amp;autopause=0&amp;player_id=0&amp;app_id=58479"" frameborder=""0"" allow=""autoplay; fullscreen; picture-in-picture; clipboard-write; encrypted-media; web-share"" referrerpolicy=""strict-origin-when-cross-origin"" style=""position:absolute;top:0;left:0;width:100%;height:100%;"" title=""Grid Coordinates yr 4 Week 18""></iframe></div><script src=""https://player.vimeo.com/api/player.js""></script>"
"Term 3","Week 25","Mathematics","Estimating sums","a","<div style=""padding:56.25% 0 0 0;position:relative;""><iframe src=""https://player.vimeo.com/video/1121040788?h=da26db49bd&amp;badge=0&amp;autopause=0&amp;player_id=0&amp;app_id=58479"" frameborder=""0"" allow=""autoplay; fullscreen; picture-in-picture; clipboard-write; encrypted-media; web-share"" referrerpolicy=""strict-origin-when-cross-origin"" style=""position:absolute;top:0;left:0;width:100%;height:100%;"" title=""Estimating sums""></iframe></div><script src=""https://player.vimeo.com/api/player.js""></script>"
"Term 3","Week 25","Mathematics","Estimating differences","c","<div style=""padding:56.25% 0 0 0;position:relative;""><iframe src=""https://player.vimeo.com/video/1121040511?h=9916a22ae6&amp;badge=0&amp;autopause=0&amp;player_id=0&amp;app_id=58479"" frameborder=""0"" allow=""autoplay; fullscreen; picture-in-picture; clipboard-write; encrypted-media; web-share"" referrerpolicy=""strict-origin-when-cross-origin"" style=""position:absolute;top:0;left:0;width:100%;height:100%;"" title=""Estimating Differences_1""></iframe></div><script src=""https://player.vimeo.com/api/player.js""></script>"
"Term 2","Week 17","Mathematics","Mixed Numbers to Improper Fractions","x",NULL
"Term 2","Week 17","Mathematics","Improper Fractions to Mixed Numbers","a","<div style=""padding:56.25% 0 0 0;position:relative;""><iframe src=""https://player.vimeo.com/video/1141785368?h=201c05667a&amp;badge=0&amp;autopause=0&amp;player_id=0&amp;app_id=58479"" frameborder=""0"" allow=""autoplay; fullscreen; picture-in-picture; clipboard-write; encrypted-media; web-share"" referrerpolicy=""strict-origin-when-cross-origin"" style=""position:absolute;top:0;left:0;width:100%;height:100%;"" title=""Expressing an improper fraction as a mixed number Y4""></iframe></div><script src=""https://player.vimeo.com/api/player.js""></script>"
"Term 2","Week 17","Mathematics","Comparing Unit Fractions","x",NULL
"Term 3","Week 21","Mathematics","Ordering Decimals","a","<div style=""padding:56.25% 0 0 0;position:relative;""><iframe src=""https://player.vimeo.com/video/1123261483?h=355789948b&amp;badge=0&amp;autopause=0&amp;player_id=0&amp;app_id=58479"" frameborder=""0"" allow=""autoplay; fullscreen; picture-in-picture; clipboard-write; encrypted-media; web-share"" referrerpolicy=""strict-origin-when-cross-origin"" style=""position:absolute;top:0;left:0;width:100%;height:100%;"" title=""Ordering Decimals Y5 Week 21 (1)""></iframe></div><script src=""https://player.vimeo.com/api/player.js""></script>"
"Term 3","Week 21","Mathematics","Comparing Decimals","x","<div style=""padding:56.25% 0 0 0;position:relative;""><iframe src=""https://player.vimeo.com/video/1121632915?h=29c755ffe9&amp;badge=0&amp;autopause=0&amp;player_id=0&amp;app_id=58479"" frameborder=""0"" allow=""autoplay; fullscreen; picture-in-picture; clipboard-write; encrypted-media; web-share"" referrerpolicy=""strict-origin-when-cross-origin"" style=""position:absolute;top:0;left:0;width:100%;height:100%;"" title=""Comparing Decimals Y5 Week 21""></iframe></div><script src=""https://player.vimeo.com/api/player.js""></script>"
"Term 2","Week 18","Mathematics","Times Tables, 2 ×","a","<div style=""padding:56.25% 0 0 0;position:relative;""><iframe src=""https://player.vimeo.com/video/1141828669?h=91bbc239d1&amp;badge=0&amp;autopause=0&amp;player_id=0&amp;app_id=58479"" frameborder=""0"" allow=""autoplay; fullscreen; picture-in-picture; clipboard-write; encrypted-media; web-share"" referrerpolicy=""strict-origin-when-cross-origin"" style=""position:absolute;top:0;left:0;width:100%;height:100%;"" title=""Times Tables, 2 Y3 Week 18.mp4 WIP""></iframe></div><script src=""https://player.vimeo.com/api/player.js""></script>"
"Term 2","Week 18","Mathematics","Times Tables, 3 ×","r","<div style=""padding:56.25% 0 0 0;position:relative;""><iframe src=""https://player.vimeo.com/video/1121136231?h=7aa72a20ab&amp;badge=0&amp;autopause=0&amp;player_id=0&amp;app_id=58479"" frameborder=""0"" allow=""autoplay; fullscreen; picture-in-picture; clipboard-write; encrypted-media; web-share"" referrerpolicy=""strict-origin-when-cross-origin"" style=""position:absolute;top:0;left:0;width:100%;height:100%;"" title=""Times Table 3""></iframe></div><script src=""https://player.vimeo.com/api/player.js""></script>"
"Term 2","Week 18","Mathematics","Times Tables, 5 ×","r","<div style=""padding:56.25% 0 0 0;position:relative;""><iframe src=""https://player.vimeo.com/video/1121136141?h=aaf6c06601&amp;badge=0&amp;autopause=0&amp;player_id=0&amp;app_id=58479"" frameborder=""0"" allow=""autoplay; fullscreen; picture-in-picture; clipboard-write; encrypted-media; web-share"" referrerpolicy=""strict-origin-when-cross-origin"" style=""position:absolute;top:0;left:0;width:100%;height:100%;"" title=""Times Table 5 Y3 Week 18""></iframe></div><script src=""https://player.vimeo.com/api/player.js""></script>"
"Term 2","Week 18","Mathematics","Times Tables, 10 ×","r","<div style=""padding:56.25% 0 0 0;position:relative;""><iframe src=""https://player.vimeo.com/video/1121135361?h=bb803900b6&amp;badge=0&amp;autopause=0&amp;player_id=0&amp;app_id=58479"" frameborder=""0"" allow=""autoplay; fullscreen; picture-in-picture; clipboard-write; encrypted-media; web-share"" referrerpolicy=""strict-origin-when-cross-origin"" style=""position:absolute;top:0;left:0;width:100%;height:100%;"" title=""Times table 10 Y3 Week 18""></iframe></div><script src=""https://player.vimeo.com/api/player.js""></script>"
"Term 3","Week 28","English","Pronoun-Verb Agreement",NULL,NULL
"Term 3","Week 28","English","Compound Subjects with Pronouns",NULL,NULL
"Term 3","Week 26","Mathematics","Estimating Product","m","<div style=""padding:56.25% 0 0 0;position:relative;""><iframe src=""https://player.vimeo.com/video/1120955626?h=c2ff2289af&amp;badge=0&amp;autopause=0&amp;player_id=0&amp;app_id=58479"" frameborder=""0"" allow=""autoplay; fullscreen; picture-in-picture; clipboard-write; encrypted-media; web-share"" referrerpolicy=""strict-origin-when-cross-origin"" style=""position:absolute;top:0;left:0;width:100%;height:100%;"" title=""Estimating Products""></iframe></div><script src=""https://player.vimeo.com/api/player.js""></script>"
"Term 3","Week 26","Mathematics","Estimating Quotient","m","<div style=""padding:56.25% 0 0 0;position:relative;""><iframe src=""https://player.vimeo.com/video/1120954272?h=7a55414d63&amp;badge=0&amp;autopause=0&amp;player_id=0&amp;app_id=58479"" frameborder=""0"" allow=""autoplay; fullscreen; picture-in-picture; clipboard-write; encrypted-media; web-share"" referrerpolicy=""strict-origin-when-cross-origin"" style=""position:absolute;top:0;left:0;width:100%;height:100%;"" title=""Estimating Quotient""></iframe></div><script src=""https://player.vimeo.com/api/player.js""></script>"
"Term 3","Week 23","Mathematics","Completing Number Sentences 1","a","<div style=""padding:56.25% 0 0 0;position:relative;""><iframe src=""https://player.vimeo.com/video/1123260385?h=de46582df1&amp;badge=0&amp;autopause=0&amp;player_id=0&amp;app_id=58479"" frameborder=""0"" allow=""autoplay; fullscreen; picture-in-picture; clipboard-write; encrypted-media; web-share"" referrerpolicy=""strict-origin-when-cross-origin"" style=""position:absolute;top:0;left:0;width:100%;height:100%;"" title=""Completing Number Sentences 1 Y5 (1)""></iframe></div><script src=""https://player.vimeo.com/api/player.js""></script>"
"Term 3","Week 23","Mathematics","Completing Number Sentences 2","x",NULL
"Term 3","Week 29","English","Relative Pronouns and Relative Adverbs",NULL,NULL
"Term 3","Week 24","Mathematics","Completing Number Sentences 3","x","<div style=""padding:56.25% 0 0 0;position:relative;""><iframe src=""https://player.vimeo.com/video/1141791338?h=806afca96c&amp;badge=0&amp;autopause=0&amp;player_id=0&amp;app_id=58479"" frameborder=""0"" allow=""autoplay; fullscreen; picture-in-picture; clipboard-write; encrypted-media; web-share"" referrerpolicy=""strict-origin-when-cross-origin"" style=""position:absolute;top:0;left:0;width:100%;height:100%;"" title=""Complete Number Sentences 3 Y5""></iframe></div><script src=""https://player.vimeo.com/api/player.js""></script>"
"Term 3","Week 24","Mathematics","Completing Number Sentences 4","a","<div style=""padding:56.25% 0 0 0;position:relative;""><iframe src=""https://player.vimeo.com/video/1123255126?h=bbfc7a0abc&amp;badge=0&amp;autopause=0&amp;player_id=0&amp;app_id=58479%2Fembed"" allow=""autoplay; fullscreen; picture-in-picture"" allowfullscreen="""" frameborder=""0"" style=""position:absolute;top:0;left:0;width:100%;height:100%;""></iframe></div>"
"Term 3","Week 27","Mathematics","Number Pattern","l","<div style=""padding:56.25% 0 0 0;position:relative;""><iframe src=""https://player.vimeo.com/video/1120952992?h=186006b686&amp;badge=0&amp;autopause=0&amp;player_id=0&amp;app_id=58479"" frameborder=""0"" allow=""autoplay; fullscreen; picture-in-picture; clipboard-write; encrypted-media; web-share"" referrerpolicy=""strict-origin-when-cross-origin"" style=""position:absolute;top:0;left:0;width:100%;height:100%;"" title=""Number Pattern.1 Y3 Week 27""></iframe></div><script src=""https://player.vimeo.com/api/player.js""></script>"
"Term 3","Week 27","Mathematics","Looking for Patterns","w","<div style=""padding:56.25% 0 0 0;position:relative;""><iframe src=""https://player.vimeo.com/video/1120950935?h=d0acf6f4f9&amp;badge=0&amp;autopause=0&amp;player_id=0&amp;app_id=58479"" frameborder=""0"" allow=""autoplay; fullscreen; picture-in-picture; clipboard-write; encrypted-media; web-share"" referrerpolicy=""strict-origin-when-cross-origin"" style=""position:absolute;top:0;left:0;width:100%;height:100%;"" title=""Looking for patterns""></iframe></div><script src=""https://player.vimeo.com/api/player.js""></script>"
"Term 3","Week 28","Mathematics","Function Machines","x","<div style=""padding:56.25% 0 0 0;position:relative;""><iframe src=""https://player.vimeo.com/video/1120948767?h=1a0cda4e45&amp;badge=0&amp;autopause=0&amp;player_id=0&amp;app_id=58479"" frameborder=""0"" allow=""autoplay; fullscreen; picture-in-picture; clipboard-write; encrypted-media; web-share"" referrerpolicy=""strict-origin-when-cross-origin"" style=""position:absolute;top:0;left:0;width:100%;height:100%;"" title=""Function Machines""></iframe></div><script src=""https://player.vimeo.com/api/player.js""></script>"
"Term 3","Week 28","Mathematics","Fraction of a Group","m","<div style=""padding:56.25% 0 0 0;position:relative;""><iframe src=""https://player.vimeo.com/video/1120947399?h=68fee065cb&amp;badge=0&amp;autopause=0&amp;player_id=0&amp;app_id=58479"" frameborder=""0"" allow=""autoplay; fullscreen; picture-in-picture; clipboard-write; encrypted-media; web-share"" referrerpolicy=""strict-origin-when-cross-origin"" style=""position:absolute;top:0;left:0;width:100%;height:100%;"" title=""Fraction of Group""></iframe></div><script src=""https://player.vimeo.com/api/player.js""></script>"
"Term 1","Week 10","English","Revision I",NULL,NULL
"Term 3","Week 25","Mathematics","Equivalent Number Sentences","a","<div style=""padding:56.25% 0 0 0;position:relative;""><iframe src=""https://player.vimeo.com/video/1123246415?h=a5d86beb51&amp;badge=0&amp;autopause=0&amp;player_id=0&amp;app_id=58479"" frameborder=""0"" allow=""autoplay; fullscreen; picture-in-picture; clipboard-write; encrypted-media; web-share"" referrerpolicy=""strict-origin-when-cross-origin"" style=""position:absolute;top:0;left:0;width:100%;height:100%;"" title=""Equivalent Number Sentences Y5 (1)""></iframe></div><script src=""https://player.vimeo.com/api/player.js""></script>"
"Term 3","Week 25","Mathematics","Describing Number Patterns","a","<div style=""padding:56.25% 0 0 0;position:relative;""><iframe src=""https://player.vimeo.com/video/1123234412?h=4b876b79e7&amp;badge=0&amp;autopause=0&amp;player_id=0&amp;app_id=58479"" frameborder=""0"" allow=""autoplay; fullscreen; picture-in-picture; clipboard-write; encrypted-media; web-share"" referrerpolicy=""strict-origin-when-cross-origin"" style=""position:absolute;top:0;left:0;width:100%;height:100%;"" title=""Describing Number Patterns Y5 (1)""></iframe></div><script src=""https://player.vimeo.com/api/player.js""></script>"
"Term 2","Week 19","Mathematics","Multiplying and dividing with 0 and 1 (Need only multiplication)","r","<div style=""padding:56.25% 0 0 0;position:relative;""><iframe src=""https://player.vimeo.com/video/1121135167?h=ed8154b136&amp;badge=0&amp;autopause=0&amp;player_id=0&amp;app_id=58479"" frameborder=""0"" allow=""autoplay; fullscreen; picture-in-picture; clipboard-write; encrypted-media; web-share"" referrerpolicy=""strict-origin-when-cross-origin"" style=""position:absolute;top:0;left:0;width:100%;height:100%;"" title=""Multiplying with Zero and One""></iframe></div><script src=""https://player.vimeo.com/api/player.js""></script>"
"Term 2","Week 19","Mathematics","Basic multiplication","r","<div style=""padding:56.25% 0 0 0;position:relative;""><iframe src=""https://player.vimeo.com/video/1121131462?h=7911cf0450&amp;badge=0&amp;autopause=0&amp;player_id=0&amp;app_id=58479"" frameborder=""0"" allow=""autoplay; fullscreen; picture-in-picture; clipboard-write; encrypted-media; web-share"" referrerpolicy=""strict-origin-when-cross-origin"" style=""position:absolute;top:0;left:0;width:100%;height:100%;"" title=""Basic multiplication""></iframe></div><script src=""https://player.vimeo.com/api/player.js""></script>"
"Term 2","Week 19","Mathematics","Multiplying ones, tens, and hundreds without regrouping","r","<div style=""padding:75.00% 0 0 0;position:relative;""><iframe src=""https://player.vimeo.com/video/1121131321?h=d9f3e2c78f&amp;badge=0&amp;autopause=0&amp;player_id=0&amp;app_id=58479%2Fembed"" allow=""autoplay; fullscreen; picture-in-picture"" allowfullscreen="""" frameborder=""0"" style=""position:absolute;top:0;left:0;width:100%;height:100%;""></iframe></div>"
"Term 2","Week 20","English","Revision II",NULL,NULL
"Term 2","Week 20","Mathematics","Multiplying ones, tens, and hundreds with regrouping","r","<div style=""padding:75.00% 0 0 0;position:relative;""><iframe src=""https://player.vimeo.com/video/1121131321?h=d9f3e2c78f&amp;badge=0&amp;autopause=0&amp;player_id=0&amp;app_id=58479%2Fembed"" allow=""autoplay; fullscreen; picture-in-picture"" allowfullscreen="""" frameborder=""0"" style=""position:absolute;top:0;left:0;width:100%;height:100%;""></iframe></div>"
"Term 2","Week 20","Mathematics","Word problems (multiplication)","r",NULL
"Term 3","Week 29","Mathematics","Fractions","a","<div style=""padding:56.25% 0 0 0;position:relative;""><iframe src=""https://player.vimeo.com/video/1120946122?h=166caf08fa&amp;badge=0&amp;autopause=0&amp;player_id=0&amp;app_id=58479"" frameborder=""0"" allow=""autoplay; fullscreen; picture-in-picture; clipboard-write; encrypted-media; web-share"" referrerpolicy=""strict-origin-when-cross-origin"" style=""position:absolute;top:0;left:0;width:100%;height:100%;"" title=""Fractions Final""></iframe></div><script src=""https://player.vimeo.com/api/player.js""></script>"
"Term 3","Week 29","Mathematics","Comparison with a Half","a","<div style=""padding:56.25% 0 0 0;position:relative;""><iframe src=""https://player.vimeo.com/video/1120943964?h=2505b967d2&amp;badge=0&amp;autopause=0&amp;player_id=0&amp;app_id=58479"" frameborder=""0"" allow=""autoplay; fullscreen; picture-in-picture; clipboard-write; encrypted-media; web-share"" referrerpolicy=""strict-origin-when-cross-origin"" style=""position:absolute;top:0;left:0;width:100%;height:100%;"" title=""Comparison with half""></iframe></div><script src=""https://player.vimeo.com/api/player.js""></script>"
"Term 3","Week 30","English","Revision III",NULL,NULL
"Term 3","Week 30","Mathematics","Naming Tenths and Hundredths","a","<div style=""padding:56.25% 0 0 0;position:relative;""><iframe src=""https://player.vimeo.com/video/1142438638?h=c3f0eceb29&amp;badge=0&amp;autopause=0&amp;player_id=0&amp;app_id=58479"" frameborder=""0"" allow=""autoplay; fullscreen; picture-in-picture; clipboard-write; encrypted-media; web-share"" referrerpolicy=""strict-origin-when-cross-origin"" style=""position:absolute;top:0;left:0;width:100%;height:100%;"" title=""Naming Tenths and Hundredths""></iframe></div><script src=""https://player.vimeo.com/api/player.js""></script>"
"Term 3","Week 30","Mathematics","Language of Chance (impossible, unlikely, even, likely, possible, and certain)",NULL,NULL
"Term 3","Week 26","Mathematics","Patterns Involving Fractions and Decimals","a","<div style=""padding:56.25% 0 0 0;position:relative;""><iframe src=""https://player.vimeo.com/video/1123227934?h=5f01c2e767&amp;badge=0&amp;autopause=0&amp;player_id=0&amp;app_id=58479%2Fembed"" allow=""autoplay; fullscreen; picture-in-picture"" allowfullscreen="""" frameborder=""0"" style=""position:absolute;top:0;left:0;width:100%;height:100%;""></iframe></div>"
"Term 3","Week 26","Mathematics","Algorithms (Branching and Repetition)","x",NULL
"Term 3","Week 21","Mathematics","Division by Sharing","z","<div style=""padding:56.25% 0 0 0;position:relative;""><iframe src=""https://player.vimeo.com/video/1120942213?h=8680f2d66e&amp;badge=0&amp;autopause=0&amp;player_id=0&amp;app_id=58479"" frameborder=""0"" allow=""autoplay; fullscreen; picture-in-picture; clipboard-write; encrypted-media; web-share"" referrerpolicy=""strict-origin-when-cross-origin"" style=""position:absolute;top:0;left:0;width:100%;height:100%;"" title=""Division by sharing Revised""></iframe></div><script src=""https://player.vimeo.com/api/player.js""></script>"
"Term 3","Week 21","Mathematics","Division by Grouping","d","<div style=""padding:56.25% 0 0 0;position:relative;""><iframe src=""https://player.vimeo.com/video/1120940965?h=4ca4fefb8f&amp;badge=0&amp;autopause=0&amp;player_id=0&amp;app_id=58479"" frameborder=""0"" allow=""autoplay; fullscreen; picture-in-picture; clipboard-write; encrypted-media; web-share"" referrerpolicy=""strict-origin-when-cross-origin"" style=""position:absolute;top:0;left:0;width:100%;height:100%;"" title=""Division by Grouping""></iframe></div><script src=""https://player.vimeo.com/api/player.js""></script>"
"Term 3","Week 21","Mathematics","Division by 2",NULL,NULL
"Term 3","Week 22","Mathematics","Dividing a 2-digit number by 2, 3, and 4","a","<div style=""padding:75% 0 0 0;position:relative;""><iframe src=""https://player.vimeo.com/video/1120939224?h=53279362d1&amp;badge=0&amp;autopause=0&amp;player_id=0&amp;app_id=58479"" frameborder=""0"" allow=""autoplay; fullscreen; picture-in-picture; clipboard-write; encrypted-media; web-share"" referrerpolicy=""strict-origin-when-cross-origin"" style=""position:absolute;top:0;left:0;width:100%;height:100%;"" title=""Divide two digit number by 2, 3 and 4""></iframe></div><script src=""https://player.vimeo.com/api/player.js""></script>"
"Term 3","Week 22","Mathematics","Dividing 2- and 3-digit numbers by 5","z","<div style=""padding:56.25% 0 0 0;position:relative;""><iframe src=""https://player.vimeo.com/video/1120938188?h=25d263b6c0&amp;badge=0&amp;autopause=0&amp;player_id=0&amp;app_id=58479%2Fembed"" allow=""autoplay; fullscreen; picture-in-picture"" allowfullscreen="""" frameborder=""0"" style=""position:absolute;top:0;left:0;width:100%;height:100%;""></iframe></div>"
"Term 3","Week 27","Mathematics","Kilometers","x",NULL
"Term 3","Week 27","Mathematics","Units of Measurement","a","<div style=""padding:56.25% 0 0 0;position:relative;""><iframe src=""https://player.vimeo.com/video/1121626513?h=cf699c7ebd&amp;badge=0&amp;autopause=0&amp;player_id=0&amp;app_id=58479%2Fembed"" allow=""autoplay; fullscreen; picture-in-picture"" allowfullscreen="""" frameborder=""0"" style=""position:absolute;top:0;left:0;width:100%;height:100%;""></iframe></div>"
"Term 3","Week 23","Mathematics","Division by 10","z","<div style=""padding:56.25% 0 0 0;position:relative;""><iframe src=""https://player.vimeo.com/video/1120927673?h=5ffea1dc7b&amp;badge=0&amp;autopause=0&amp;player_id=0&amp;app_id=58479"" frameborder=""0"" allow=""autoplay; fullscreen; picture-in-picture; clipboard-write; encrypted-media; web-share"" referrerpolicy=""strict-origin-when-cross-origin"" style=""position:absolute;top:0;left:0;width:100%;height:100%;"" title=""Division by 10 Revised""></iframe></div><script src=""https://player.vimeo.com/api/player.js""></script>"
"Term 3","Week 23","Mathematics","Connecting Multiplication and Division","a","<div style=""padding:56.25% 0 0 0;position:relative;""><iframe src=""https://player.vimeo.com/video/1120930679?h=8cf0dac164&amp;badge=0&amp;autopause=0&amp;player_id=0&amp;app_id=58479"" frameborder=""0"" allow=""autoplay; fullscreen; picture-in-picture; clipboard-write; encrypted-media; web-share"" referrerpolicy=""strict-origin-when-cross-origin"" style=""position:absolute;top:0;left:0;width:100%;height:100%;"" title=""Connecting Multiplication and Division Y3 (1)""></iframe></div><script src=""https://player.vimeo.com/api/player.js""></script>"
"Term 3","Week 23","Mathematics","Multiplying and Dividing with 0 and 1",NULL,NULL
"Term 3","Week 28","Mathematics","Perimeter","a","<div style=""padding:56.25% 0 0 0;position:relative;""><iframe src=""https://player.vimeo.com/video/1123226324?h=74e4b188a5&amp;badge=0&amp;autopause=0&amp;player_id=0&amp;app_id=58479"" frameborder=""0"" allow=""autoplay; fullscreen; picture-in-picture; clipboard-write; encrypted-media; web-share"" referrerpolicy=""strict-origin-when-cross-origin"" style=""position:absolute;top:0;left:0;width:100%;height:100%;"" title=""Perimeter Y5 (1)""></iframe></div><script src=""https://player.vimeo.com/api/player.js""></script>"
"Term 3","Week 28","Mathematics","Area of Squares and Rectangles","a","<div style=""padding:56.25% 0 0 0;position:relative;""><iframe src=""https://player.vimeo.com/video/1123226757?h=2f9e47b888&amp;badge=0&amp;autopause=0&amp;player_id=0&amp;app_id=58479"" frameborder=""0"" allow=""autoplay; fullscreen; picture-in-picture; clipboard-write; encrypted-media; web-share"" referrerpolicy=""strict-origin-when-cross-origin"" style=""position:absolute;top:0;left:0;width:100%;height:100%;"" title=""Area of Squares and Rectangles Y5 (1)""></iframe></div><script src=""https://player.vimeo.com/api/player.js""></script>"
"Term 3","Week 24","Mathematics","Basic division",NULL,NULL
"Term 3","Week 24","Mathematics","Division with remainders","z","<div style=""padding:56.25% 0 0 0;position:relative;""><iframe src=""https://player.vimeo.com/video/1120935453?h=ad24d0c587&amp;badge=0&amp;autopause=0&amp;player_id=0&amp;app_id=58479"" frameborder=""0"" allow=""autoplay; fullscreen; picture-in-picture; clipboard-write; encrypted-media; web-share"" referrerpolicy=""strict-origin-when-cross-origin"" style=""position:absolute;top:0;left:0;width:100%;height:100%;"" title=""Division with Remainders""></iframe></div><script src=""https://player.vimeo.com/api/player.js""></script>"
"Term 3","Week 24","Mathematics","Word problems ( Division)","z","<div style=""padding:56.25% 0 0 0;position:relative;""><iframe src=""https://player.vimeo.com/video/1120936545?h=a14626b983&amp;badge=0&amp;autopause=0&amp;player_id=0&amp;app_id=58479"" frameborder=""0"" allow=""autoplay; fullscreen; picture-in-picture; clipboard-write; encrypted-media; web-share"" referrerpolicy=""strict-origin-when-cross-origin"" style=""position:absolute;top:0;left:0;width:100%;height:100%;"" title=""Word problems using division (1)""></iframe></div><script src=""https://player.vimeo.com/api/player.js""></script>"
"Term 1","Week 1","Mathematics","Place Value to Millions","a","<div style=""padding:56.25% 0 0 0;position:relative;""><iframe src=""https://player.vimeo.com/video/1142437172?h=e0f1610cc4&amp;badge=0&amp;autopause=0&amp;player_id=0&amp;app_id=58479"" frameborder=""0"" allow=""autoplay; fullscreen; picture-in-picture; clipboard-write; encrypted-media; web-share"" referrerpolicy=""strict-origin-when-cross-origin"" style=""position:absolute;top:0;left:0;width:100%;height:100%;"" title=""Place Value to Millions Y5 - W1""></iframe></div><script src=""https://player.vimeo.com/api/player.js""></script>"
"Term 1","Week 1","Mathematics","Rounding Numbers","a","<div style=""padding:56.25% 0 0 0;position:relative;""><iframe src=""https://player.vimeo.com/video/1142436827?h=1a6a4a47b5&amp;badge=0&amp;autopause=0&amp;player_id=0&amp;app_id=58479"" frameborder=""0"" allow=""autoplay; fullscreen; picture-in-picture; clipboard-write; encrypted-media; web-share"" referrerpolicy=""strict-origin-when-cross-origin"" style=""position:absolute;top:0;left:0;width:100%;height:100%;"" title=""Rounding numbers - Y6""></iframe></div><script src=""https://player.vimeo.com/api/player.js""></script>"
"Term 1","Week 1","Mathematics","Squared Numbers",NULL,NULL
"Term 3","Week 30","Mathematics","Nets of Prisms","x",NULL
"Term 3","Week 30","Mathematics","Nets of Pyramids","x","<div style=""padding:56.25% 0 0 0;position:relative;""><iframe src=""https://player.vimeo.com/video/1141790252?h=eb33404501&amp;badge=0&amp;autopause=0&amp;player_id=0&amp;app_id=58479"" frameborder=""0"" allow=""autoplay; fullscreen; picture-in-picture; clipboard-write; encrypted-media; web-share"" referrerpolicy=""strict-origin-when-cross-origin"" style=""position:absolute;top:0;left:0;width:100%;height:100%;"" title=""Nets of Pyramids Y5 Week 30""></iframe></div><script src=""https://player.vimeo.com/api/player.js""></script>"
"Term 3","Week 30","Mathematics","Top, Front and Side Views","a","<div style=""padding:56.25% 0 0 0;position:relative;""><iframe src=""https://player.vimeo.com/video/1141789686?h=0c51bfa2b0&amp;badge=0&amp;autopause=0&amp;player_id=0&amp;app_id=58479"" frameborder=""0"" allow=""autoplay; fullscreen; picture-in-picture; clipboard-write; encrypted-media; web-share"" referrerpolicy=""strict-origin-when-cross-origin"" style=""position:absolute;top:0;left:0;width:100%;height:100%;"" title=""Top, Front and Side Views Y5""></iframe></div><script src=""https://player.vimeo.com/api/player.js""></script>"
"Term 1","Week 1","English","Type of Sentences","x",NULL
"Term 4","Week 31","Mathematics","Financial Plans","x","<div style=""padding:56.25% 0 0 0;position:relative;""><iframe src=""https://player.vimeo.com/video/1121619420?h=ca4c805249&amp;badge=0&amp;autopause=0&amp;player_id=0&amp;app_id=58479"" frameborder=""0"" allow=""autoplay; fullscreen; picture-in-picture; clipboard-write; encrypted-media; web-share"" referrerpolicy=""strict-origin-when-cross-origin"" style=""position:absolute;top:0;left:0;width:100%;height:100%;"" title=""Area of Squares and Rectangles Y5""></iframe></div><script src=""https://player.vimeo.com/api/player.js""></script>"
"Term 4","Week 31","English","Progressive Verb Tenses",NULL,NULL
"Term 4","Week 31","English","Past Participles",NULL,NULL
"Term 1","Week 2","Mathematics","Primes and Composites","a","<div style=""padding:56.25% 0 0 0;position:relative;""><iframe src=""https://player.vimeo.com/video/1142436191?h=59ae2cf196&amp;badge=0&amp;autopause=0&amp;player_id=0&amp;app_id=58479"" frameborder=""0"" allow=""autoplay; fullscreen; picture-in-picture; clipboard-write; encrypted-media; web-share"" referrerpolicy=""strict-origin-when-cross-origin"" style=""position:absolute;top:0;left:0;width:100%;height:100%;"" title=""Prime Numbers and Composite Numbers""></iframe></div><script src=""https://player.vimeo.com/api/player.js""></script>"
"Term 1","Week 2","Mathematics","Triangular Numbers","a","<div style=""padding:56.25% 0 0 0;position:relative;""><iframe src=""https://player.vimeo.com/video/1142436032?h=3a0a20f967&amp;badge=0&amp;autopause=0&amp;player_id=0&amp;app_id=58479"" frameborder=""0"" allow=""autoplay; fullscreen; picture-in-picture; clipboard-write; encrypted-media; web-share"" referrerpolicy=""strict-origin-when-cross-origin"" style=""position:absolute;top:0;left:0;width:100%;height:100%;"" title=""Triangular numbers - Y6""></iframe></div><script src=""https://player.vimeo.com/api/player.js""></script>"
"Term 1","Week 2","Mathematics","Factors and multiples",NULL,NULL
"Term 4","Week 32","Mathematics","Guess and Check Method","x","<div style=""padding:56.25% 0 0 0;position:relative;""><iframe src=""https://player.vimeo.com/video/1121619323?h=85d12f9315&amp;badge=0&amp;autopause=0&amp;player_id=0&amp;app_id=58479"" frameborder=""0"" allow=""autoplay; fullscreen; picture-in-picture; clipboard-write; encrypted-media; web-share"" referrerpolicy=""strict-origin-when-cross-origin"" style=""position:absolute;top:0;left:0;width:100%;height:100%;"" title=""Guess &amp; check""></iframe></div><script src=""https://player.vimeo.com/api/player.js""></script>"
"Term 4","Week 32","Mathematics","Using a Diagram","x",NULL
"Term 4","Week 32","English","Collective Nouns",NULL,NULL
"Term 4","Week 32","English","Count/Non-count Nouns",NULL,NULL
"Term 4","Week 33","Mathematics","Making a List","x",NULL
"Term 4","Week 33","Mathematics","Working Backwards","x",NULL
"Term 1","Week 3","Mathematics","Highest Common Factor","a","<div style=""padding:56.25% 0 0 0;position:relative;""><iframe src=""https://player.vimeo.com/video/1142429608?h=ac6a71d6c5&amp;badge=0&amp;autopause=0&amp;player_id=0&amp;app_id=58479"" frameborder=""0"" allow=""autoplay; fullscreen; picture-in-picture; clipboard-write; encrypted-media; web-share"" referrerpolicy=""strict-origin-when-cross-origin"" style=""position:absolute;top:0;left:0;width:100%;height:100%;"" title=""HFC - Y6""></iframe></div><script src=""https://player.vimeo.com/api/player.js""></script>"
"Term 1","Week 3","Mathematics","Lowest Common Multiple",NULL,NULL
"Term 1","Week 3","Mathematics","Factor Trees",NULL,NULL
"Term 4","Week 33","English","Personal, Possessive and Reflexive Pronouns","a","<div style=""padding:56.25% 0 0 0;position:relative;""><iframe src=""https://player.vimeo.com/video/1143382200?h=ef5fe53d0f&amp;badge=0&amp;autopause=0&amp;player_id=0&amp;app_id=58479"" frameborder=""0"" allow=""autoplay; fullscreen; picture-in-picture; clipboard-write; encrypted-media; web-share"" referrerpolicy=""strict-origin-when-cross-origin"" style=""position:absolute;top:0;left:0;width:100%;height:100%;"" title=""Pronouns Personal, Possessive, and Reflexive Y3 (1)""></iframe></div><script src=""https://player.vimeo.com/api/player.js""></script>"
"Term 4","Week 33","English","Pronoun-Verb Contractions",NULL,NULL
"Term 4","Week 34","Mathematics","Acting it Out","x",NULL
"Term 4","Week 34","Mathematics","Eliminating Possibilities","x",NULL
"Term 4","Week 34","English","Modal Verbs: Will, Shall and Can","a","<div style=""padding:56.25% 0 0 0;position:relative;""><iframe src=""https://player.vimeo.com/video/1143381947?h=fd1d7da363&amp;badge=0&amp;autopause=0&amp;player_id=0&amp;app_id=58479"" frameborder=""0"" allow=""autoplay; fullscreen; picture-in-picture; clipboard-write; encrypted-media; web-share"" referrerpolicy=""strict-origin-when-cross-origin"" style=""position:absolute;top:0;left:0;width:100%;height:100%;"" title=""Modal Verbs Will, Shall, Can Y3 (1)""></iframe></div><script src=""https://player.vimeo.com/api/player.js""></script>"
"Term 4","Week 34","English","Modal Verbs: Would, Should and Could","a","<div style=""padding:75% 0 0 0;position:relative;""><iframe src=""https://player.vimeo.com/video/1143380121?h=09cb067feb&amp;badge=0&amp;autopause=0&amp;player_id=0&amp;app_id=58479"" frameborder=""0"" allow=""autoplay; fullscreen; picture-in-picture; clipboard-write; encrypted-media; web-share"" referrerpolicy=""strict-origin-when-cross-origin"" style=""position:absolute;top:0;left:0;width:100%;height:100%;"" title=""Modal Verbs Would, Should, and Could Y3 (1)""></iframe></div><script src=""https://player.vimeo.com/api/player.js""></script>"
"Term 1","Week 4","Mathematics","The number line","a","<div style=""padding:56.25% 0 0 0;position:relative;""><iframe src=""https://player.vimeo.com/video/1142427651?h=5d2d84fdc6&amp;badge=0&amp;autopause=0&amp;player_id=0&amp;app_id=58479"" frameborder=""0"" allow=""autoplay; fullscreen; picture-in-picture; clipboard-write; encrypted-media; web-share"" referrerpolicy=""strict-origin-when-cross-origin"" style=""position:absolute;top:0;left:0;width:100%;height:100%;"" title=""Number Line - Y""></iframe></div><script src=""https://player.vimeo.com/api/player.js""></script>"
"Term 1","Week 4","Mathematics","Positive and negative numbers","a","<div style=""padding:56.25% 0 0 0;position:relative;""><iframe src=""https://player.vimeo.com/video/1142427710?h=0e6a0f0b43&amp;badge=0&amp;autopause=0&amp;player_id=0&amp;app_id=58479"" frameborder=""0"" allow=""autoplay; fullscreen; picture-in-picture; clipboard-write; encrypted-media; web-share"" referrerpolicy=""strict-origin-when-cross-origin"" style=""position:absolute;top:0;left:0;width:100%;height:100%;"" title=""Positive &amp; Negative Numbers - Y""></iframe></div><script src=""https://player.vimeo.com/api/player.js""></script>"
"Term 1","Week 4","Mathematics","Comparing positive and negative numbers",NULL,NULL
"Term 4","Week 35","English","Direct and Indirect Speech",NULL,NULL
"Term 4","Week 35","English","Active and Passive Voice","a","<div style=""padding:56.25% 0 0 0;position:relative;""><iframe src=""https://player.vimeo.com/video/1143378959?h=bca8e2d15a&amp;badge=0&amp;autopause=0&amp;player_id=0&amp;app_id=58479"" frameborder=""0"" allow=""autoplay; fullscreen; picture-in-picture; clipboard-write; encrypted-media; web-share"" referrerpolicy=""strict-origin-when-cross-origin"" style=""position:absolute;top:0;left:0;width:100%;height:100%;"" title=""Active Voice vs Passive Voice!""></iframe></div><script src=""https://player.vimeo.com/api/player.js""></script>"
"Term 4","Week 35","Mathematics","Capacity","a","<div style=""padding:56.25% 0 0 0;position:relative;""><iframe src=""https://player.vimeo.com/video/1123214315?h=908e77fd2c&amp;badge=0&amp;autopause=0&amp;player_id=0&amp;app_id=58479"" frameborder=""0"" allow=""autoplay; fullscreen; picture-in-picture; clipboard-write; encrypted-media; web-share"" referrerpolicy=""strict-origin-when-cross-origin"" style=""position:absolute;top:0;left:0;width:100%;height:100%;"" title=""CAPACITY (1)""></iframe></div><script src=""https://player.vimeo.com/api/player.js""></script>"
"Term 4","Week 35","Mathematics","Volume of Cubes and Rectangular Prisms","a","<div style=""padding:56.25% 0 0 0;position:relative;""><iframe src=""https://player.vimeo.com/video/1141680765?h=bd2d060ba1&amp;badge=0&amp;autopause=0&amp;player_id=0&amp;app_id=58479"" frameborder=""0"" allow=""autoplay; fullscreen; picture-in-picture; clipboard-write; encrypted-media; web-share"" referrerpolicy=""strict-origin-when-cross-origin"" style=""position:absolute;top:0;left:0;width:100%;height:100%;"" title=""VOLUME OF CUBES AND RECTANGULAR PRISMS FULL""></iframe></div><script src=""https://player.vimeo.com/api/player.js""></script>"
"Term 4","Week 35","Mathematics","Volume, Capacity and Mass","a","<div style=""padding:56.25% 0 0 0;position:relative;""><iframe src=""https://player.vimeo.com/video/1123207139?h=0ae39b32fa&amp;badge=0&amp;autopause=0&amp;player_id=0&amp;app_id=58479"" frameborder=""0"" allow=""autoplay; fullscreen; picture-in-picture; clipboard-write; encrypted-media; web-share"" referrerpolicy=""strict-origin-when-cross-origin"" style=""position:absolute;top:0;left:0;width:100%;height:100%;"" title=""Volume, Capacity and Mass (1)""></iframe></div><script src=""https://player.vimeo.com/api/player.js""></script>"
"Term 4","Week 36","Mathematics","Compass Directions 1","x",NULL
"Term 4","Week 36","Mathematics","Compass Directions 2","x",NULL
"Term 4","Week 36","English","Similes and Metaphors","a","<div style=""padding:56.25% 0 0 0;position:relative;""><iframe src=""https://player.vimeo.com/video/1148417750?h=1311f4898d&amp;badge=0&amp;autopause=0&amp;player_id=0&amp;app_id=58479"" frameborder=""0"" allow=""autoplay; fullscreen; picture-in-picture; clipboard-write; encrypted-media; web-share"" referrerpolicy=""strict-origin-when-cross-origin"" style=""position:absolute;top:0;left:0;width:100%;height:100%;"" title=""Similes vs. Metaphors Y3""></iframe></div><script src=""https://player.vimeo.com/api/player.js""></script>"
"Term 4","Week 36","English","Idiomatic Expressions",NULL,NULL
"Term 1","Week 5","Mathematics","Using the Number Line",NULL,NULL
"Term 1","Week 5","Mathematics","Averages",NULL,NULL
"Term 1","Week 5","Mathematics","Estimating by Rounding Off","a","<div style=""padding:56.25% 0 0 0;position:relative;""><iframe src=""https://player.vimeo.com/video/1142423863?h=d25f029aa5&amp;badge=0&amp;autopause=0&amp;player_id=0&amp;app_id=58479"" frameborder=""0"" allow=""autoplay; fullscreen; picture-in-picture; clipboard-write; encrypted-media; web-share"" referrerpolicy=""strict-origin-when-cross-origin"" style=""position:absolute;top:0;left:0;width:100%;height:100%;"" title=""Estimating by Rounding Off y5 week7""></iframe></div><script src=""https://player.vimeo.com/api/player.js""></script>"
"Term 4","Week 37","Mathematics","Grid Coordinates","a","<div style=""padding:56.25% 0 0 0;position:relative;""><iframe src=""https://player.vimeo.com/video/1141789189?h=a62d6c5f1c&amp;badge=0&amp;autopause=0&amp;player_id=0&amp;app_id=58479"" frameborder=""0"" allow=""autoplay; fullscreen; picture-in-picture; clipboard-write; encrypted-media; web-share"" referrerpolicy=""strict-origin-when-cross-origin"" style=""position:absolute;top:0;left:0;width:100%;height:100%;"" title=""Grid Coordinates yr 4 Week 18""></iframe></div><script src=""https://player.vimeo.com/api/player.js""></script>"
"Term 4","Week 37","Mathematics","Describing Transformations","x",NULL
"Term 4","Week 37","English","Word Grouping",NULL,NULL
"Term 4","Week 38","Mathematics","Line Symmetry","a","<div style=""padding:56.25% 0 0 0;position:relative;""><iframe src=""https://player.vimeo.com/video/1123206629?h=4b6c4cfd9d&amp;badge=0&amp;autopause=0&amp;player_id=0&amp;app_id=58479%2Fembed"" allow=""autoplay; fullscreen; picture-in-picture"" allowfullscreen="""" frameborder=""0"" style=""position:absolute;top:0;left:0;width:100%;height:100%;""></iframe></div>"
"Term 4","Week 38","Mathematics","Rotational Symmetry","a","<div style=""padding:56.25% 0 0 0;position:relative;""><iframe src=""https://player.vimeo.com/video/1123206100?h=b27c517711&amp;badge=0&amp;autopause=0&amp;player_id=0&amp;app_id=58479%2Fembed"" allow=""autoplay; fullscreen; picture-in-picture"" allowfullscreen="""" frameborder=""0"" style=""position:absolute;top:0;left:0;width:100%;height:100%;""></iframe></div>"
"Term 4","Week 38","Mathematics","Enlargement","a","<div style=""padding:56.25% 0 0 0;position:relative;""><iframe src=""https://player.vimeo.com/video/1123204658?h=1d0953eb29&amp;badge=0&amp;autopause=0&amp;player_id=0&amp;app_id=58479"" frameborder=""0"" allow=""autoplay; fullscreen; picture-in-picture; clipboard-write; encrypted-media; web-share"" referrerpolicy=""strict-origin-when-cross-origin"" style=""position:absolute;top:0;left:0;width:100%;height:100%;"" title=""Enlargement Y5 Week 38""></iframe></div><script src=""https://player.vimeo.com/api/player.js""></script>"
"Term 4","Week 39","Mathematics","Line Graphs","a","<div style=""padding:56.25% 0 0 0;position:relative;""><iframe src=""https://player.vimeo.com/video/1123103662?h=6f6a755768&amp;badge=0&amp;autopause=0&amp;player_id=0&amp;app_id=58479"" frameborder=""0"" allow=""autoplay; fullscreen; picture-in-picture; clipboard-write; encrypted-media; web-share"" referrerpolicy=""strict-origin-when-cross-origin"" style=""position:absolute;top:0;left:0;width:100%;height:100%;"" title=""Line Graphs and Data Reading Y5 Week 39""></iframe></div><script src=""https://player.vimeo.com/api/player.js""></script>"
"Term 4","Week 39","Mathematics","Picture Graphs","a","<div style=""padding:56.25% 0 0 0;position:relative;""><iframe src=""https://player.vimeo.com/video/1123103586?h=96f0225bc9&amp;badge=0&amp;autopause=0&amp;player_id=0&amp;app_id=58479"" frameborder=""0"" allow=""autoplay; fullscreen; picture-in-picture; clipboard-write; encrypted-media; web-share"" referrerpolicy=""strict-origin-when-cross-origin"" style=""position:absolute;top:0;left:0;width:100%;height:100%;"" title=""Picture Graphs and Data Analysis Y5 Week 39""></iframe></div><script src=""https://player.vimeo.com/api/player.js""></script>"
"Term 4","Week 38","English","Alphabetical Ordering",NULL,NULL
"Term 4","Week 38","English","Formatting",NULL,NULL
"Term 4","Week 40","Mathematics","Language of Chance","x","<div style=""padding:56.25% 0 0 0;position:relative;""><iframe src=""https://player.vimeo.com/video/1136863788?h=3dc084b8cb&amp;badge=0&amp;autopause=0&amp;player_id=0&amp;app_id=58479"" frameborder=""0"" allow=""autoplay; fullscreen; picture-in-picture; clipboard-write; encrypted-media; web-share"" referrerpolicy=""strict-origin-when-cross-origin"" style=""position:absolute;top:0;left:0;width:100%;height:100%;"" title=""Language of Chance""></iframe></div><script src=""https://player.vimeo.com/api/player.js""></script>"
"Term 4","Week 40","Mathematics","Probability Basics","x","<div style=""padding:56.25% 0 0 0;position:relative;""><iframe src=""https://player.vimeo.com/video/1136864750?h=0b859c490c&amp;badge=0&amp;autopause=0&amp;player_id=0&amp;app_id=58479"" frameborder=""0"" allow=""autoplay; fullscreen; picture-in-picture; clipboard-write; encrypted-media; web-share"" referrerpolicy=""strict-origin-when-cross-origin"" style=""position:absolute;top:0;left:0;width:100%;height:100%;"" title=""Probability Basics Y5 Week 40""></iframe></div><script src=""https://player.vimeo.com/api/player.js""></script>"
"Term 1","Week 3","English","Dependent and Independent Clauses","a",NULL
"Term 1","Week 3","English","Compound and Complex Sentences","a",NULL
"Term 1","Week 6","Mathematics","Order of operations 1",NULL,NULL
"Term 1","Week 6","Mathematics","Order of operations 2",NULL,NULL
"Term 1","Week 6","Mathematics","Order of operations 3",NULL,NULL
"Term 1","Week 6","Mathematics","Number Sentences (Order of Operations)",NULL,NULL
"Term 1","Week 7","Mathematics","Addition to 7-Digits","a","<div style=""padding:56.25% 0 0 0;position:relative;""><iframe src=""https://player.vimeo.com/video/1142422538?h=240a18799b&amp;badge=0&amp;autopause=0&amp;player_id=0&amp;app_id=58479"" frameborder=""0"" allow=""autoplay; fullscreen; picture-in-picture; clipboard-write; encrypted-media; web-share"" referrerpolicy=""strict-origin-when-cross-origin"" style=""position:absolute;top:0;left:0;width:100%;height:100%;"" title=""Addition up to 7 Digits - Y5 - W4""></iframe></div><script src=""https://player.vimeo.com/api/player.js""></script>"
"Term 1","Week 7","Mathematics","Subtraction to 7-Digits","a","<div style=""padding:75% 0 0 0;position:relative;""><iframe src=""https://player.vimeo.com/video/1142421684?h=6813324d1e&amp;badge=0&amp;autopause=0&amp;player_id=0&amp;app_id=58479"" frameborder=""0"" allow=""autoplay; fullscreen; picture-in-picture; clipboard-write; encrypted-media; web-share"" referrerpolicy=""strict-origin-when-cross-origin"" style=""position:absolute;top:0;left:0;width:100%;height:100%;"" title=""Subtraction up to 7 digits - Y5 - W4""></iframe></div><script src=""https://player.vimeo.com/api/player.js""></script>"
"Term 1","Week 7","Mathematics","Long Multiplication (2-digit Number)","a","<div style=""padding:56.25% 0 0 0;position:relative;""><iframe src=""https://player.vimeo.com/video/1142420469?h=eff6ffeb3b&amp;badge=0&amp;autopause=0&amp;player_id=0&amp;app_id=58479"" frameborder=""0"" allow=""autoplay; fullscreen; picture-in-picture; clipboard-write; encrypted-media; web-share"" referrerpolicy=""strict-origin-when-cross-origin"" style=""position:absolute;top:0;left:0;width:100%;height:100%;"" title=""LONG MULTIPLICATION (2-DIGIT NUMBER)""></iframe></div><script src=""https://player.vimeo.com/api/player.js""></script>"
"Term 1","Week 4","English","Common Nouns and Proper Nouns","a",NULL
"Term 1","Week 4","English","Concrete Nouns and Abstract Nouns","a","<div style=""padding:56.25% 0 0 0;position:relative;""><iframe src=""https://player.vimeo.com/video/1143081661?h=d11b68e1f9&amp;badge=0&amp;autopause=0&amp;player_id=0&amp;app_id=58479"" frameborder=""0"" allow=""autoplay; fullscreen; picture-in-picture; clipboard-write; encrypted-media; web-share"" referrerpolicy=""strict-origin-when-cross-origin"" style=""position:absolute;top:0;left:0;width:100%;height:100%;"" title=""Concrete Nouns and Abstract Nouns Y3 (2)""></iframe></div><script src=""https://player.vimeo.com/api/player.js""></script>"
"Term 1","Week 4","English","Regular and Irregular Plural Nouns","a",NULL
"Term 1","Week 8","Mathematics","Long Multiplication (3-Digit Number)","a","<div style=""padding:56.25% 0 0 0;position:relative;""><iframe src=""https://player.vimeo.com/video/1142420403?h=dcd6a92ea7&amp;badge=0&amp;autopause=0&amp;player_id=0&amp;app_id=58479"" frameborder=""0"" allow=""autoplay; fullscreen; picture-in-picture; clipboard-write; encrypted-media; web-share"" referrerpolicy=""strict-origin-when-cross-origin"" style=""position:absolute;top:0;left:0;width:100%;height:100%;"" title=""LONG MULTIPLICATION(3-DIGIT NUMBER)""></iframe></div><script src=""https://player.vimeo.com/api/player.js""></script>"
"Term 1","Week 8","Mathematics","Short Division",NULL,NULL
"Term 1","Week 8","Mathematics","Short Division with Fractional Remainders","a","<div style=""padding:56.25% 0 0 0;position:relative;""><iframe src=""https://player.vimeo.com/video/1142419696?h=6466b68eea&amp;badge=0&amp;autopause=0&amp;player_id=0&amp;app_id=58479"" frameborder=""0"" allow=""autoplay; fullscreen; picture-in-picture; clipboard-write; encrypted-media; web-share"" referrerpolicy=""strict-origin-when-cross-origin"" style=""position:absolute;top:0;left:0;width:100%;height:100%;"" title=""SHORT DIVISION WITH FRACTIONAL REMAINDERS (1)""></iframe></div><script src=""https://player.vimeo.com/api/player.js""></script>"
"Term 1","Week 6","Mathematics","Simplifying Ratios 1","x",NULL
"Term 1","Week 6","Mathematics","Simplifying Ratios 2","x",NULL
"Term 1","Week 9","Mathematics","Timetables","a","<div style=""padding:56.25% 0 0 0;position:relative;""><iframe src=""https://player.vimeo.com/video/1142419047?h=71ce31a046&amp;badge=0&amp;autopause=0&amp;player_id=0&amp;app_id=58479"" frameborder=""0"" allow=""autoplay; fullscreen; picture-in-picture; clipboard-write; encrypted-media; web-share"" referrerpolicy=""strict-origin-when-cross-origin"" style=""position:absolute;top:0;left:0;width:100%;height:100%;"" title=""TIME TABLES""></iframe></div><script src=""https://player.vimeo.com/api/player.js""></script>"
"Term 1","Week 9","Mathematics","Timelines using Scale",NULL,NULL
"Term 1","Week 10","Mathematics","Angle Types and Labelling",NULL,NULL
"Term 1","Week 10","Mathematics","Angles on a Straight Line","a","<div style=""padding:56.25% 0 0 0;position:relative;""><iframe src=""https://player.vimeo.com/video/1142417669?h=493b58755f&amp;badge=0&amp;autopause=0&amp;player_id=0&amp;app_id=58479"" frameborder=""0"" allow=""autoplay; fullscreen; picture-in-picture; clipboard-write; encrypted-media; web-share"" referrerpolicy=""strict-origin-when-cross-origin"" style=""position:absolute;top:0;left:0;width:100%;height:100%;"" title=""Angles on a straight line (1)""></iframe></div><script src=""https://player.vimeo.com/api/player.js""></script>"
"Term 1","Week 10","Mathematics","Vertically Opposite, Angles at a Point",NULL,NULL
"Term 1","Week 1","Mathematics","Positive exponents and the law of exponents","x",NULL
"Term 1","Week 1","Mathematics","Zero and negative exponents","x",NULL
"Term 1","Week 1","Mathematics","Understanding positive and negative integers","x",NULL
"Term 1","Week 1","Mathematics","Using number line","x",NULL
"Term 1","Week 1","Mathematics","Ordering integers","x",NULL
"Term 1","Week 1","Mathematics","Addition and subtraction involving negative numbers","x",NULL
"Term 2","Week 11","Mathematics","Locating Fractions on the Number Line",NULL,NULL
"Term 2","Week 11","Mathematics","Equivalent Fractions","a","<div style=""padding:75% 0 0 0;position:relative;""><iframe src=""https://player.vimeo.com/video/1142417166?h=02f88ff3c6&amp;badge=0&amp;autopause=0&amp;player_id=0&amp;app_id=58479"" frameborder=""0"" allow=""autoplay; fullscreen; picture-in-picture; clipboard-write; encrypted-media; web-share"" referrerpolicy=""strict-origin-when-cross-origin"" style=""position:absolute;top:0;left:0;width:100%;height:100%;"" title=""Equivalent Fractions Y5""></iframe></div><script src=""https://player.vimeo.com/api/player.js""></script>"
"Term 2","Week 11","Mathematics","Simplifying Fractions","a","<div style=""padding:75% 0 0 0;position:relative;""><iframe src=""https://player.vimeo.com/video/1142417166?h=02f88ff3c6&amp;badge=0&amp;autopause=0&amp;player_id=0&amp;app_id=58479"" frameborder=""0"" allow=""autoplay; fullscreen; picture-in-picture; clipboard-write; encrypted-media; web-share"" referrerpolicy=""strict-origin-when-cross-origin"" style=""position:absolute;top:0;left:0;width:100%;height:100%;"" title=""Equivalent Fractions Y5""></iframe></div><script src=""https://player.vimeo.com/api/player.js""></script>"
"Term 1","Week 5","English","Subject and Object Personal Pronouns","a",NULL
"Term 1","Week 5","English","Possessive Pronouns and Reflexive Pronouns","q","<div style=""padding:56.25% 0 0 0;position:relative;""><iframe src=""https://player.vimeo.com/video/1143080884?h=42cd6b651a&amp;badge=0&amp;autopause=0&amp;player_id=0&amp;app_id=58479"" frameborder=""0"" allow=""autoplay; fullscreen; picture-in-picture; clipboard-write; encrypted-media; web-share"" referrerpolicy=""strict-origin-when-cross-origin"" style=""position:absolute;top:0;left:0;width:100%;height:100%;"" title=""Pronouns Personal, Possessive, and Reflexive Y3""></iframe></div><script src=""https://player.vimeo.com/api/player.js""></script>"
"Term 1","Week 2","Mathematics","Multiplication and division involving negative numbers","x",NULL
"Term 1","Week 2","Mathematics","Order of operations","x",NULL
"Term 1","Week 2","Mathematics","Exponential notation","x",NULL
"Term 1","Week 2","Mathematics","Expanded Notation using Powers","a","<div style=""padding:56.25% 0 0 0;position:relative;""><iframe src=""https://player.vimeo.com/video/1141789112?h=67ca440fea&amp;badge=0&amp;autopause=0&amp;player_id=0&amp;app_id=58479"" frameborder=""0"" allow=""autoplay; fullscreen; picture-in-picture; clipboard-write; encrypted-media; web-share"" referrerpolicy=""strict-origin-when-cross-origin"" style=""position:absolute;top:0;left:0;width:100%;height:100%;"" title=""Expanded Notation Using Powers (1)""></iframe></div><script src=""https://player.vimeo.com/api/player.js""></script>"
"Term 1","Week 2","Mathematics","Fractions and Decimals as Percentages","a","<div style=""padding:56.25% 0 0 0;position:relative;""><iframe src=""https://player.vimeo.com/video/1145244549?h=8f6bb52d21&amp;badge=0&amp;autopause=0&amp;player_id=0&amp;app_id=58479"" frameborder=""0"" allow=""autoplay; fullscreen; picture-in-picture; clipboard-write; encrypted-media; web-share"" referrerpolicy=""strict-origin-when-cross-origin"" style=""position:absolute;top:0;left:0;width:100%;height:100%;"" title=""FRACTIONS AND DECIMALS AS PERCENTAGES""></iframe></div><script src=""https://player.vimeo.com/api/player.js""></script>"
"Term 1","Week 2","Mathematics","Quantities as Percentages of Others","x",NULL
"Term 2","Week 12","Mathematics","Addition with Equal Denominators","a","<div style=""padding:56.25% 0 0 0;position:relative;""><iframe src=""https://player.vimeo.com/video/1142414462?h=0278779d53&amp;badge=0&amp;autopause=0&amp;player_id=0&amp;app_id=58479%2Fembed"" allow=""autoplay; fullscreen; picture-in-picture"" allowfullscreen="""" frameborder=""0"" style=""position:absolute;top:0;left:0;width:100%;height:100%;""></iframe></div>"
"Term 2","Week 12","Mathematics","Subtraction with Equal Denominators","a","<div style=""padding:56.25% 0 0 0;position:relative;""><iframe src=""https://player.vimeo.com/video/1142413028?h=b59905f09b&amp;badge=0&amp;autopause=0&amp;player_id=0&amp;app_id=58479"" frameborder=""0"" allow=""autoplay; fullscreen; picture-in-picture; clipboard-write; encrypted-media; web-share"" referrerpolicy=""strict-origin-when-cross-origin"" style=""position:absolute;top:0;left:0;width:100%;height:100%;"" title=""Subtraction with Equal Denominators Y4 Week 12 (1)""></iframe></div><script src=""https://player.vimeo.com/api/player.js""></script>"
"Term 1","Week 3","Mathematics","Percentages of Quantities","a","<div style=""padding:56.25% 0 0 0;position:relative;""><iframe src=""https://player.vimeo.com/video/1145244502?h=fd9c7d772d&amp;badge=0&amp;autopause=0&amp;player_id=0&amp;app_id=58479"" frameborder=""0"" allow=""autoplay; fullscreen; picture-in-picture; clipboard-write; encrypted-media; web-share"" referrerpolicy=""strict-origin-when-cross-origin"" style=""position:absolute;top:0;left:0;width:100%;height:100%;"" title=""PERCENTAGES OF QUANTITIES""></iframe></div><script src=""https://player.vimeo.com/api/player.js""></script>"
"Term 1","Week 3","Mathematics","Finding a Number Given a Percentage (Unitary Method)","x",NULL
"Term 2","Week 13","Mathematics","Addition with Related Denominators","a","<div style=""padding:56.25% 0 0 0;position:relative;""><iframe src=""https://player.vimeo.com/video/1142411115?h=618e16d380&amp;badge=0&amp;autopause=0&amp;player_id=0&amp;app_id=58479"" frameborder=""0"" allow=""autoplay; fullscreen; picture-in-picture; clipboard-write; encrypted-media; web-share"" referrerpolicy=""strict-origin-when-cross-origin"" style=""position:absolute;top:0;left:0;width:100%;height:100%;"" title=""ADDITION WITH RELATED DENOMINATORS FULL""></iframe></div><script src=""https://player.vimeo.com/api/player.js""></script>"
"Term 2","Week 13","Mathematics","Subtraction with Related Denominators",NULL,NULL
"Term 1","Week 4","Mathematics","Increasing by a Percentage","a","<div style=""padding:56.25% 0 0 0;position:relative;""><iframe src=""https://player.vimeo.com/video/1145242926?h=c06ec0f8e2&amp;badge=0&amp;autopause=0&amp;player_id=0&amp;app_id=58479"" frameborder=""0"" allow=""autoplay; fullscreen; picture-in-picture; clipboard-write; encrypted-media; web-share"" referrerpolicy=""strict-origin-when-cross-origin"" style=""position:absolute;top:0;left:0;width:100%;height:100%;"" title=""INCREASING BY A PERCENTAGE""></iframe></div><script src=""https://player.vimeo.com/api/player.js""></script>"
"Term 1","Week 4","Mathematics","Decreasing by a Percentage","a","<div style=""padding:56.25% 0 0 0;position:relative;""><iframe src=""https://player.vimeo.com/video/1145243002?h=5206c02fc0&amp;badge=0&amp;autopause=0&amp;player_id=0&amp;app_id=58479"" frameborder=""0"" allow=""autoplay; fullscreen; picture-in-picture; clipboard-write; encrypted-media; web-share"" referrerpolicy=""strict-origin-when-cross-origin"" style=""position:absolute;top:0;left:0;width:100%;height:100%;"" title=""DECREASING BY A PERCENTAGE""></iframe></div><script src=""https://player.vimeo.com/api/player.js""></script>"
"Term 1","Week 3","Mathematics","Expanded Notation as a Numeral","a","<div style=""padding:56.25% 0 0 0;position:relative;""><iframe src=""https://player.vimeo.com/video/1141788244?h=14f92e9035&amp;badge=0&amp;autopause=0&amp;player_id=0&amp;app_id=58479"" frameborder=""0"" allow=""autoplay; fullscreen; picture-in-picture; clipboard-write; encrypted-media; web-share"" referrerpolicy=""strict-origin-when-cross-origin"" style=""position:absolute;top:0;left:0;width:100%;height:100%;"" title=""Expanded Notation as A Numeral""></iframe></div><script src=""https://player.vimeo.com/api/player.js""></script>"
"Term 1","Week 3","Mathematics","Prime factorisation","a","<div style=""padding:56.25% 0 0 0;position:relative;""><iframe src=""https://player.vimeo.com/video/1141787507?h=55d1465046&amp;badge=0&amp;autopause=0&amp;player_id=0&amp;app_id=58479"" frameborder=""0"" allow=""autoplay; fullscreen; picture-in-picture; clipboard-write; encrypted-media; web-share"" referrerpolicy=""strict-origin-when-cross-origin"" style=""position:absolute;top:0;left:0;width:100%;height:100%;"" title=""Prime Factorization""></iframe></div><script src=""https://player.vimeo.com/api/player.js""></script>"
"Term 1","Week 3","Mathematics","HCF using Factor Trees","x","<div style=""padding:56.25% 0 0 0;position:relative;""><iframe src=""https://player.vimeo.com/video/1141679148?h=8c94675dc8&amp;badge=0&amp;autopause=0&amp;player_id=0&amp;app_id=58479"" frameborder=""0"" allow=""autoplay; fullscreen; picture-in-picture; clipboard-write; encrypted-media; web-share"" referrerpolicy=""strict-origin-when-cross-origin"" style=""position:absolute;top:0;left:0;width:100%;height:100%;"" title=""HCF Using Factor Tree - Y7""></iframe></div><script src=""https://player.vimeo.com/api/player.js""></script>"
"Term 1","Week 3","Mathematics","LCM using Factor Trees","x","<div style=""padding:56.25% 0 0 0;position:relative;""><iframe src=""https://player.vimeo.com/video/1141782610?h=4097353970&amp;badge=0&amp;autopause=0&amp;player_id=0&amp;app_id=58479"" frameborder=""0"" allow=""autoplay; fullscreen; picture-in-picture; clipboard-write; encrypted-media; web-share"" referrerpolicy=""strict-origin-when-cross-origin"" style=""position:absolute;top:0;left:0;width:100%;height:100%;"" title=""LCM Using Factor Tree - Y7""></iframe></div><script src=""https://player.vimeo.com/api/player.js""></script>"
"Term 1","Week 5","Mathematics","Discounts","x",NULL
"Term 1","Week 5","Mathematics","Profit and Loss","a","<div style=""padding:56.25% 0 0 0;position:relative;""><iframe src=""https://player.vimeo.com/video/1145241673?h=465eaf4173&amp;badge=0&amp;autopause=0&amp;player_id=0&amp;app_id=58479"" frameborder=""0"" allow=""autoplay; fullscreen; picture-in-picture; clipboard-write; encrypted-media; web-share"" referrerpolicy=""strict-origin-when-cross-origin"" style=""position:absolute;top:0;left:0;width:100%;height:100%;"" title=""PROFIT AND LOSS FULL""></iframe></div><script src=""https://player.vimeo.com/api/player.js""></script>"
"Term 1","Week 5","Mathematics","GST","a","<div style=""padding:56.25% 0 0 0;position:relative;""><iframe src=""https://player.vimeo.com/video/1145241595?h=f6253cec37&amp;badge=0&amp;autopause=0&amp;player_id=0&amp;app_id=58479"" frameborder=""0"" allow=""autoplay; fullscreen; picture-in-picture; clipboard-write; encrypted-media; web-share"" referrerpolicy=""strict-origin-when-cross-origin"" style=""position:absolute;top:0;left:0;width:100%;height:100%;"" title=""THE GST""></iframe></div><script src=""https://player.vimeo.com/api/player.js""></script>"
"Term 1","Week 6","English","Main Verbs and Helping Verbs","a","a"
"Term 1","Week 6","English","Transitive and Intransitive Verbs","a","a"
"Term 2","Week 14","Mathematics","Fraction of a Whole Number 1","a","<div style=""padding:56.25% 0 0 0;position:relative;""><iframe src=""https://player.vimeo.com/video/1142410875?h=c52c9f509a&amp;badge=0&amp;autopause=0&amp;player_id=0&amp;app_id=58479"" frameborder=""0"" allow=""autoplay; fullscreen; picture-in-picture; clipboard-write; encrypted-media; web-share"" referrerpolicy=""strict-origin-when-cross-origin"" style=""position:absolute;top:0;left:0;width:100%;height:100%;"" title=""FRACTION OF A WHOLE NUMBER 1 FULL""></iframe></div><script src=""https://player.vimeo.com/api/player.js""></script>"
"Term 2","Week 14","Mathematics","Fraction of a Whole Number 2","a","<div style=""padding:56.25% 0 0 0;position:relative;""><iframe src=""https://player.vimeo.com/video/1142410514?h=052560684d&amp;badge=0&amp;autopause=0&amp;player_id=0&amp;app_id=58479%2Fembed"" allow=""autoplay; fullscreen; picture-in-picture"" allowfullscreen="""" frameborder=""0"" style=""position:absolute;top:0;left:0;width:100%;height:100%;""></iframe></div>"
"Term 2","Week 14","Mathematics","Fraction of a Whole Number 3","a","<div style=""padding:56.25% 0 0 0;position:relative;""><iframe src=""https://player.vimeo.com/video/1142410280?h=b0ecbd489e&amp;badge=0&amp;autopause=0&amp;player_id=0&amp;app_id=58479"" frameborder=""0"" allow=""autoplay; fullscreen; picture-in-picture; clipboard-write; encrypted-media; web-share"" referrerpolicy=""strict-origin-when-cross-origin"" style=""position:absolute;top:0;left:0;width:100%;height:100%;"" title=""FRACTION OF A WHOLE NUMBER 3 FULL""></iframe></div><script src=""https://player.vimeo.com/api/player.js""></script>"
"Term 1","Week 7","Mathematics","Finding ratios","x",NULL
"Term 1","Week 7","Mathematics","Equivalent Ratios","x",NULL
"Term 1","Week 7","Mathematics","Ratio Problem Questions","x",NULL
"Term 1","Week 7","English","Modal Verbs: Will, Shall and Can","a","<div style=""padding:56.25% 0 0 0;position:relative;""><iframe src=""https://player.vimeo.com/video/1143080657?h=babb450861&amp;badge=0&amp;autopause=0&amp;player_id=0&amp;app_id=58479"" frameborder=""0"" allow=""autoplay; fullscreen; picture-in-picture; clipboard-write; encrypted-media; web-share"" referrerpolicy=""strict-origin-when-cross-origin"" style=""position:absolute;top:0;left:0;width:100%;height:100%;"" title=""Modal Verbs Will, Shall, Can Y3""></iframe></div><script src=""https://player.vimeo.com/api/player.js""></script>"
"Term 1","Week 7","English","Modal Verbs: Would, Should and Could","a","<div style=""padding:56.25% 0 0 0;position:relative;""><iframe src=""https://player.vimeo.com/video/1143079959?h=e96772a8a2&amp;badge=0&amp;autopause=0&amp;player_id=0&amp;app_id=58479"" frameborder=""0"" allow=""autoplay; fullscreen; picture-in-picture; clipboard-write; encrypted-media; web-share"" referrerpolicy=""strict-origin-when-cross-origin"" style=""position:absolute;top:0;left:0;width:100%;height:100%;"" title=""Modal Verbs Would, Should, and Could Y3""></iframe></div><script src=""https://player.vimeo.com/api/player.js""></script>"
"Term 2","Week 15","Mathematics","Area of Squares and Rectangles","a","<div style=""padding:56.25% 0 0 0;position:relative;""><iframe src=""https://player.vimeo.com/video/1142409054?h=390465e7b3&amp;badge=0&amp;autopause=0&amp;player_id=0&amp;app_id=58479"" frameborder=""0"" allow=""autoplay; fullscreen; picture-in-picture; clipboard-write; encrypted-media; web-share"" referrerpolicy=""strict-origin-when-cross-origin"" style=""position:absolute;top:0;left:0;width:100%;height:100%;"" title=""Area of Squares and Rectangles Y5""></iframe></div><script src=""https://player.vimeo.com/api/player.js""></script>"
"Term 2","Week 15","Mathematics","Area of a triangle 1",NULL,NULL
"Term 2","Week 15","Mathematics","Area of a triangle 2",NULL,NULL
"Term 1","Week 4","Mathematics","The Square roots","x",NULL
"Term 1","Week 4","Mathematics","The Cube roots","x",NULL
"Term 1","Week 4","Mathematics","Equivalent Fractions","x","<div style=""padding:56.25% 0 0 0;position:relative;""><iframe src=""https://player.vimeo.com/video/1141678335?h=77a99455c3&amp;badge=0&amp;autopause=0&amp;player_id=0&amp;app_id=58479"" frameborder=""0"" allow=""autoplay; fullscreen; picture-in-picture; clipboard-write; encrypted-media; web-share"" referrerpolicy=""strict-origin-when-cross-origin"" style=""position:absolute;top:0;left:0;width:100%;height:100%;"" title=""Equivalent fractions_1""></iframe></div><script src=""https://player.vimeo.com/api/player.js""></script>"
"Term 1","Week 4","Mathematics","Simplifying Fractions","a","<div style=""padding:56.25% 0 0 0;position:relative;""><iframe src=""https://player.vimeo.com/video/1141787343?h=293468b726&amp;badge=0&amp;autopause=0&amp;player_id=0&amp;app_id=58479"" frameborder=""0"" allow=""autoplay; fullscreen; picture-in-picture; clipboard-write; encrypted-media; web-share"" referrerpolicy=""strict-origin-when-cross-origin"" style=""position:absolute;top:0;left:0;width:100%;height:100%;"" title=""Simplifying fractions (1)""></iframe></div><script src=""https://player.vimeo.com/api/player.js""></script>"
"Term 1","Week 8","Mathematics","Dividing Quantities in a Given Ratio","x",NULL
"Term 1","Week 8","Mathematics","Using Scale","a","<div style=""padding:56.25% 0 0 0;position:relative;""><iframe src=""https://player.vimeo.com/video/1145239655?h=8b47e8f305&amp;badge=0&amp;autopause=0&amp;player_id=0&amp;app_id=58479"" frameborder=""0"" allow=""autoplay; fullscreen; picture-in-picture; clipboard-write; encrypted-media; web-share"" referrerpolicy=""strict-origin-when-cross-origin"" style=""position:absolute;top:0;left:0;width:100%;height:100%;"" title=""USING SCALE""></iframe></div><script src=""https://player.vimeo.com/api/player.js""></script>"
"Term 2","Week 16","Mathematics","Litres and Millilitres","a","<div style=""padding:56.25% 0 0 0;position:relative;""><iframe src=""https://player.vimeo.com/video/1142408432?h=5ea703c6b8&amp;badge=0&amp;autopause=0&amp;player_id=0&amp;app_id=58479"" frameborder=""0"" allow=""autoplay; fullscreen; picture-in-picture; clipboard-write; encrypted-media; web-share"" referrerpolicy=""strict-origin-when-cross-origin"" style=""position:absolute;top:0;left:0;width:100%;height:100%;"" title=""LITRES AND MILLILITRES FULL""></iframe></div><script src=""https://player.vimeo.com/api/player.js""></script>"
"Term 2","Week 16","Mathematics","Capacity Conversions","a","<div style=""padding:56.25% 0 0 0;position:relative;""><iframe src=""https://player.vimeo.com/video/1142407044?h=13a652a303&amp;badge=0&amp;autopause=0&amp;player_id=0&amp;app_id=58479"" frameborder=""0"" allow=""autoplay; fullscreen; picture-in-picture; clipboard-write; encrypted-media; web-share"" referrerpolicy=""strict-origin-when-cross-origin"" style=""position:absolute;top:0;left:0;width:100%;height:100%;"" title=""CAPACITY CONVERSIONS FULL""></iframe></div><script src=""https://player.vimeo.com/api/player.js""></script>"
"Term 2","Week 16","Mathematics","Operations with Capacity","a","<div style=""padding:56.25% 0 0 0;position:relative;""><iframe src=""https://player.vimeo.com/video/1142398196?h=24b1b14105&amp;badge=0&amp;autopause=0&amp;player_id=0&amp;app_id=58479"" frameborder=""0"" allow=""autoplay; fullscreen; picture-in-picture; clipboard-write; encrypted-media; web-share"" referrerpolicy=""strict-origin-when-cross-origin"" style=""position:absolute;top:0;left:0;width:100%;height:100%;"" title=""OPERATIONS WITH CAPACITY FULL""></iframe></div><script src=""https://player.vimeo.com/api/player.js""></script>"
"Term 1","Week 6","Mathematics","Addition with Different Denominators","x",NULL
"Term 1","Week 6","Mathematics","Subtraction with Different Denominators","x",NULL
"Term 1","Week 6","Mathematics","Adding and Subtracting mixed fractions","x",NULL
"Term 1","Week 6","Mathematics","Multiplying a fraction by a whole number ((Fractions of whole numbers)","x",NULL
"Term 1","Week 6","Mathematics","Multiplication with Fractions","x",NULL
"Term 1","Week 9","Mathematics","Time Conversions","a","<div style=""padding:56.25% 0 0 0;position:relative;""><iframe src=""https://player.vimeo.com/video/1145238643?h=e3986cf302&amp;badge=0&amp;autopause=0&amp;player_id=0&amp;app_id=58479"" frameborder=""0"" allow=""autoplay; fullscreen; picture-in-picture; clipboard-write; encrypted-media; web-share"" referrerpolicy=""strict-origin-when-cross-origin"" style=""position:absolute;top:0;left:0;width:100%;height:100%;"" title=""TIME CONVERSIONS""></iframe></div><script src=""https://player.vimeo.com/api/player.js""></script>"
"Term 1","Week 9","Mathematics","24 Hour Time","a","<div style=""padding:56.25% 0 0 0;position:relative;""><iframe src=""https://player.vimeo.com/video/1145236177?h=636294cdcf&amp;badge=0&amp;autopause=0&amp;player_id=0&amp;app_id=58479"" frameborder=""0"" allow=""autoplay; fullscreen; picture-in-picture; clipboard-write; encrypted-media; web-share"" referrerpolicy=""strict-origin-when-cross-origin"" style=""position:absolute;top:0;left:0;width:100%;height:100%;"" title=""24 hour Time""></iframe></div><script src=""https://player.vimeo.com/api/player.js""></script>"
"Term 1","Week 8","English","Modal Verbs: Will, May, Must","a",NULL
"Term 1","Week 8","English","Be-Verbs: Am, Is, Are, Was, Were","a",NULL
"Term 1","Week 8","English","Possession Verbs: Has, Have, Had","a",NULL
"Term 2","Week 17","Mathematics","Volume and Capacity",NULL,NULL
"Term 2","Week 17","Mathematics","Problems involving Change of Units","a","<div style=""padding:56.25% 0 0 0;position:relative;""><iframe src=""https://player.vimeo.com/video/1142396932?h=1bcf3c1988&amp;badge=0&amp;autopause=0&amp;player_id=0&amp;app_id=58479"" frameborder=""0"" allow=""autoplay; fullscreen; picture-in-picture; clipboard-write; encrypted-media; web-share"" referrerpolicy=""strict-origin-when-cross-origin"" style=""position:absolute;top:0;left:0;width:100%;height:100%;"" title=""PROBLEM INVOLVING CHANGE OF UNITS FULL""></iframe></div><script src=""https://player.vimeo.com/api/player.js""></script>"
"Term 2","Week 17","Mathematics","Volume of Cubes and Rectangular Prisms","a","<div style=""padding:56.25% 0 0 0;position:relative;""><iframe src=""https://player.vimeo.com/video/1142395348?h=c4b7cdeec3&amp;badge=0&amp;autopause=0&amp;player_id=0&amp;app_id=58479"" frameborder=""0"" allow=""autoplay; fullscreen; picture-in-picture; clipboard-write; encrypted-media; web-share"" referrerpolicy=""strict-origin-when-cross-origin"" style=""position:absolute;top:0;left:0;width:100%;height:100%;"" title=""VOLUME OF CUBES AND RECTANGULAR PRISMS FULL (1)""></iframe></div><script src=""https://player.vimeo.com/api/player.js""></script>"
"Term 1","Week 10","Mathematics","Time Differences","a","<div style=""padding:56.25% 0 0 0;position:relative;""><iframe src=""https://player.vimeo.com/video/1145234521?h=82badd7e22&amp;badge=0&amp;autopause=0&amp;player_id=0&amp;app_id=58479"" frameborder=""0"" allow=""autoplay; fullscreen; picture-in-picture; clipboard-write; encrypted-media; web-share"" referrerpolicy=""strict-origin-when-cross-origin"" style=""position:absolute;top:0;left:0;width:100%;height:100%;"" title=""TIME DIFFERENCE""></iframe></div><script src=""https://player.vimeo.com/api/player.js""></script>"
"Term 1","Week 10","Mathematics","Time Zones and Travel","x",NULL
"Term 2","Week 18","Mathematics","The cubic centimetres","a","<div style=""padding:56.25% 0 0 0;position:relative;""><iframe src=""https://player.vimeo.com/video/1142394784?h=e6880dda10&amp;badge=0&amp;autopause=0&amp;player_id=0&amp;app_id=58479"" frameborder=""0"" allow=""autoplay; fullscreen; picture-in-picture; clipboard-write; encrypted-media; web-share"" referrerpolicy=""strict-origin-when-cross-origin"" style=""position:absolute;top:0;left:0;width:100%;height:100%;"" title=""THE CUBIC CENTIMETRES FULL""></iframe></div><script src=""https://player.vimeo.com/api/player.js""></script>"
"Term 2","Week 18","Mathematics","Kilograms and Grams","a","<div style=""padding:56.25% 0 0 0;position:relative;""><iframe src=""https://player.vimeo.com/video/1142394318?h=7c9dc31328&amp;badge=0&amp;autopause=0&amp;player_id=0&amp;app_id=58479"" frameborder=""0"" allow=""autoplay; fullscreen; picture-in-picture; clipboard-write; encrypted-media; web-share"" referrerpolicy=""strict-origin-when-cross-origin"" style=""position:absolute;top:0;left:0;width:100%;height:100%;"" title=""KILOGRAMS AND GRAMS FULL""></iframe></div><script src=""https://player.vimeo.com/api/player.js""></script>"
"Term 2","Week 18","Mathematics","Tonnes","a","<div style=""padding:56.25% 0 0 0;position:relative;""><iframe src=""https://player.vimeo.com/video/1142393140?h=354ffbed3a&amp;badge=0&amp;autopause=0&amp;player_id=0&amp;app_id=58479"" frameborder=""0"" allow=""autoplay; fullscreen; picture-in-picture; clipboard-write; encrypted-media; web-share"" referrerpolicy=""strict-origin-when-cross-origin"" style=""position:absolute;top:0;left:0;width:100%;height:100%;"" title=""TONNES FULL""></iframe></div><script src=""https://player.vimeo.com/api/player.js""></script>"
"Term 2","Week 11","Mathematics","Unit rates (Simplifying Rates)","x",NULL
"Term 2","Week 11","Mathematics","Converting Rates","a","<div style=""padding:56.25% 0 0 0;position:relative;""><iframe src=""https://player.vimeo.com/video/1145230894?h=6b89b03210&amp;badge=0&amp;autopause=0&amp;player_id=0&amp;app_id=58479"" frameborder=""0"" allow=""autoplay; fullscreen; picture-in-picture; clipboard-write; encrypted-media; web-share"" referrerpolicy=""strict-origin-when-cross-origin"" style=""position:absolute;top:0;left:0;width:100%;height:100%;"" title=""CONVERTING RATES""></iframe></div><script src=""https://player.vimeo.com/api/player.js""></script>"
"Term 1","Week 1","English","Types of Sentences","a",NULL
"Term 1","Week 7","Mathematics","Multiplying a whole number by a fraction","x",NULL
"Term 1","Week 7","Mathematics","Word problem - Multiplying a whole number by a fraction","x",NULL
"Term 1","Week 7","Mathematics","Word problems (Multiplying fraction by a fraction)","x",NULL
"Term 1","Week 7","Mathematics","Fractions and reciprocals","x",NULL
"Term 1","Week 7","Mathematics","Division with Fractions","x","<div style=""padding:56.25% 0 0 0;position:relative;""><iframe src=""https://player.vimeo.com/video/1141677396?h=618b24f439&amp;badge=0&amp;autopause=0&amp;player_id=0&amp;app_id=58479"" frameborder=""0"" allow=""autoplay; fullscreen; picture-in-picture; clipboard-write; encrypted-media; web-share"" referrerpolicy=""strict-origin-when-cross-origin"" style=""position:absolute;top:0;left:0;width:100%;height:100%;"" title=""Dividing a fraction""></iframe></div><script src=""https://player.vimeo.com/api/player.js""></script>"
"Term 1","Week 2","English","Simple Subject and Simple Predicate","a","<div style=""padding:56.25% 0 0 0;position:relative;""><iframe src=""https://player.vimeo.com/video/1143064168?h=a041f4b015&amp;badge=0&amp;autopause=0&amp;player_id=0&amp;app_id=58479"" frameborder=""0"" allow=""autoplay; fullscreen; picture-in-picture; clipboard-write; encrypted-media; web-share"" referrerpolicy=""strict-origin-when-cross-origin"" style=""position:absolute;top:0;left:0;width:100%;height:100%;"" title=""Simple and Compound Sentences Y3""></iframe></div><script src=""https://player.vimeo.com/api/player.js""></script>"
"Term 1","Week 2","English","Complete Subject and Complete Predicate","a",NULL
"Term 2","Week 12","Mathematics","Rate Problems 1","a","<div style=""padding:56.25% 0 0 0;position:relative;""><iframe src=""https://player.vimeo.com/video/1145230444?h=2328843450&amp;badge=0&amp;autopause=0&amp;player_id=0&amp;app_id=58479%2Fembed"" allow=""autoplay; fullscreen; picture-in-picture"" allowfullscreen="""" frameborder=""0"" style=""position:absolute;top:0;left:0;width:100%;height:100%;""></iframe></div>"
"Term 2","Week 12","Mathematics","Rate Problems 2","a","<div style=""padding:56.25% 0 0 0;position:relative;""><iframe src=""https://player.vimeo.com/video/1145230087?h=d12c7915c8&amp;badge=0&amp;autopause=0&amp;player_id=0&amp;app_id=58479"" frameborder=""0"" allow=""autoplay; fullscreen; picture-in-picture; clipboard-write; encrypted-media; web-share"" referrerpolicy=""strict-origin-when-cross-origin"" style=""position:absolute;top:0;left:0;width:100%;height:100%;"" title=""RATE PROBLEMS 2 FINAL""></iframe></div><script src=""https://player.vimeo.com/api/player.js""></script>"
"Term 2","Week 19","Mathematics","Mass Conversions","a","<div style=""padding:56.25% 0 0 0;position:relative;""><iframe src=""https://player.vimeo.com/video/1142393026?h=1bef5d216c&amp;badge=0&amp;autopause=0&amp;player_id=0&amp;app_id=58479"" frameborder=""0"" allow=""autoplay; fullscreen; picture-in-picture; clipboard-write; encrypted-media; web-share"" referrerpolicy=""strict-origin-when-cross-origin"" style=""position:absolute;top:0;left:0;width:100%;height:100%;"" title=""MASS CONVERSIONS FULL""></iframe></div><script src=""https://player.vimeo.com/api/player.js""></script>"
"Term 2","Week 19","Mathematics","Operations with Mass","a","<div style=""padding:56.25% 0 0 0;position:relative;""><iframe src=""https://player.vimeo.com/video/1142392974?h=4516713e54&amp;badge=0&amp;autopause=0&amp;player_id=0&amp;app_id=58479"" frameborder=""0"" allow=""autoplay; fullscreen; picture-in-picture; clipboard-write; encrypted-media; web-share"" referrerpolicy=""strict-origin-when-cross-origin"" style=""position:absolute;top:0;left:0;width:100%;height:100%;"" title=""OPERATIONS WITH MASS FULL""></iframe></div><script src=""https://player.vimeo.com/api/player.js""></script>"
"Term 1","Week 3","English","Complete Sentences","a",NULL
"Term 1","Week 3","English","Fragments and Run-ons","a",NULL
"Term 2","Week 13","Mathematics","Calculating Distance","a","<div style=""padding:56.25% 0 0 0;position:relative;""><iframe src=""https://player.vimeo.com/video/1145228529?h=528da74be0&amp;badge=0&amp;autopause=0&amp;player_id=0&amp;app_id=58479"" frameborder=""0"" allow=""autoplay; fullscreen; picture-in-picture; clipboard-write; encrypted-media; web-share"" referrerpolicy=""strict-origin-when-cross-origin"" style=""position:absolute;top:0;left:0;width:100%;height:100%;"" title=""CALCULATING DISTANCE""></iframe></div><script src=""https://player.vimeo.com/api/player.js""></script>"
"Term 2","Week 13","Mathematics","Calculating Time","a","<div style=""padding:56.25% 0 0 0;position:relative;""><iframe src=""https://player.vimeo.com/video/1145227721?h=27923185a2&amp;badge=0&amp;autopause=0&amp;player_id=0&amp;app_id=58479"" frameborder=""0"" allow=""autoplay; fullscreen; picture-in-picture; clipboard-write; encrypted-media; web-share"" referrerpolicy=""strict-origin-when-cross-origin"" style=""position:absolute;top:0;left:0;width:100%;height:100%;"" title=""CALCULATING TIME""></iframe></div><script src=""https://player.vimeo.com/api/player.js""></script>"
"Term 2","Week 13","Mathematics","Calculating Speed","a","<div style=""padding:56.25% 0 0 0;position:relative;""><iframe src=""https://player.vimeo.com/video/1145225084?h=9d483a5b61&amp;badge=0&amp;autopause=0&amp;player_id=0&amp;app_id=58479"" frameborder=""0"" allow=""autoplay; fullscreen; picture-in-picture; clipboard-write; encrypted-media; web-share"" referrerpolicy=""strict-origin-when-cross-origin"" style=""position:absolute;top:0;left:0;width:100%;height:100%;"" title=""CALCULATING SPEED""></iframe></div><script src=""https://player.vimeo.com/api/player.js""></script>"
"Term 2","Week 20","Mathematics","Probabilities","a","<div style=""padding:56.25% 0 0 0;position:relative;""><iframe src=""https://player.vimeo.com/video/1142392261?h=cca802a239&amp;badge=0&amp;autopause=0&amp;player_id=0&amp;app_id=58479"" frameborder=""0"" allow=""autoplay; fullscreen; picture-in-picture; clipboard-write; encrypted-media; web-share"" referrerpolicy=""strict-origin-when-cross-origin"" style=""position:absolute;top:0;left:0;width:100%;height:100%;"" title=""PROBABILITIES FULL""></iframe></div><script src=""https://player.vimeo.com/api/player.js""></script>"
"Term 2","Week 20","Mathematics","Chance Experiments","a","<div style=""padding:56.25% 0 0 0;position:relative;""><iframe src=""https://player.vimeo.com/video/1142391227?h=d8ab199c53&amp;badge=0&amp;autopause=0&amp;player_id=0&amp;app_id=58479"" frameborder=""0"" allow=""autoplay; fullscreen; picture-in-picture; clipboard-write; encrypted-media; web-share"" referrerpolicy=""strict-origin-when-cross-origin"" style=""position:absolute;top:0;left:0;width:100%;height:100%;"" title=""Chance Experiments""></iframe></div><script src=""https://player.vimeo.com/api/player.js""></script>"
"Term 2","Week 20","Mathematics","Observed and Expected Frequencies","a","<div style=""padding:56.25% 0 0 0;position:relative;""><iframe src=""https://player.vimeo.com/video/1142390270?h=adc0653a60&amp;badge=0&amp;autopause=0&amp;player_id=0&amp;app_id=58479"" frameborder=""0"" allow=""autoplay; fullscreen; picture-in-picture; clipboard-write; encrypted-media; web-share"" referrerpolicy=""strict-origin-when-cross-origin"" style=""position:absolute;top:0;left:0;width:100%;height:100%;"" title=""OBSERVED AND EXPECTED FREQUENCIES FULL""></iframe></div><script src=""https://player.vimeo.com/api/player.js""></script>"
"Term 1","Week 8","Mathematics","Dividing a fraction by a whole number","x",NULL
"Term 1","Week 8","Mathematics","Dividing a whole number by a fraction","x",NULL
"Term 1","Week 8","Mathematics","Multiplying mixed numbers","x",NULL
"Term 1","Week 8","Mathematics","Word problems (Multiplying mixed numbers)","x",NULL
"Term 2","Week 14","Mathematics","Completing Number Patterns 1","x",NULL
"Term 2","Week 14","Mathematics","Completing Number Patterns 2","x",NULL
"Term 1","Week 4","English","Simple Subject and Simple Predicate","a","<div style=""padding:56.25% 0 0 0;position:relative;""><iframe src=""https://player.vimeo.com/video/1143071083?h=4c38beabb2&amp;badge=0&amp;autopause=0&amp;player_id=0&amp;app_id=58479"" frameborder=""0"" allow=""autoplay; fullscreen; picture-in-picture; clipboard-write; encrypted-media; web-share"" referrerpolicy=""strict-origin-when-cross-origin"" style=""position:absolute;top:0;left:0;width:100%;height:100%;"" title=""Simple Subject and Simple Predicate Y3 (1)""></iframe></div><script src=""https://player.vimeo.com/api/player.js""></script>"
"Term 1","Week 4","English","Complete Subject and Complete Predicate","a","<div style=""padding:56.25% 0 0 0;position:relative;""><iframe src=""https://player.vimeo.com/video/1143070830?h=4ff1139513&amp;badge=0&amp;autopause=0&amp;player_id=0&amp;app_id=58479"" frameborder=""0"" allow=""autoplay; fullscreen; picture-in-picture; clipboard-write; encrypted-media; web-share"" referrerpolicy=""strict-origin-when-cross-origin"" style=""position:absolute;top:0;left:0;width:100%;height:100%;"" title=""Complete Subject and Complete Predicate Y3 (1)""></iframe></div><script src=""https://player.vimeo.com/api/player.js""></script>"
"Term 2","Week 15","Mathematics","Identifying Number Patterns 1","x",NULL
"Term 2","Week 15","Mathematics","Identifying Number Patterns 2","x",NULL
"Term 2","Week 15","Mathematics","Identifying Number Patterns 3","x",NULL
"Term 3","Week 21","Mathematics","Addition of Decimals","a","<div style=""padding:56.25% 0 0 0;position:relative;""><iframe src=""https://player.vimeo.com/video/1142389374?h=6024c24e2a&amp;badge=0&amp;autopause=0&amp;player_id=0&amp;app_id=58479"" frameborder=""0"" allow=""autoplay; fullscreen; picture-in-picture; clipboard-write; encrypted-media; web-share"" referrerpolicy=""strict-origin-when-cross-origin"" style=""position:absolute;top:0;left:0;width:100%;height:100%;"" title=""ADDITION OF DECIMALS FULL (1)""></iframe></div><script src=""https://player.vimeo.com/api/player.js""></script>"
"Term 3","Week 21","Mathematics","Subtraction of Decimals",NULL,NULL
"Term 3","Week 21","Mathematics","Addition and subtraction of decimals (word problems)",NULL,NULL
"Term 1","Week 5","English","Subject and Object Personal Pronouns","a","<div style=""padding:56.25% 0 0 0;position:relative;""><iframe src=""https://player.vimeo.com/video/1143070757?h=87beaa57e8&amp;badge=0&amp;autopause=0&amp;player_id=0&amp;app_id=58479"" frameborder=""0"" allow=""autoplay; fullscreen; picture-in-picture; clipboard-write; encrypted-media; web-share"" referrerpolicy=""strict-origin-when-cross-origin"" style=""position:absolute;top:0;left:0;width:100%;height:100%;"" title=""Subject and Object Personal Pronouns Y3 (1)""></iframe></div><script src=""https://player.vimeo.com/api/player.js""></script>"
"Term 1","Week 5","English","Possessive Pronouns and Reflexive Pronouns","a","<div style=""padding:56.25% 0 0 0;position:relative;""><iframe src=""https://player.vimeo.com/video/1143064332?h=b617a7dac4&amp;badge=0&amp;autopause=0&amp;player_id=0&amp;app_id=58479%2Fembed"" allow=""autoplay; fullscreen; picture-in-picture"" allowfullscreen="""" frameborder=""0"" style=""position:absolute;top:0;left:0;width:100%;height:100%;""></iframe></div>"
"Term 2","Week 16","Mathematics","Grouping Symbols 1","x",NULL
"Term 2","Week 16","Mathematics","Grouping Symbols 2","A","<div style=""padding:56.25% 0 0 0;position:relative;""><iframe src=""https://player.vimeo.com/video/1145216045?h=d4780bd2dd&amp;badge=0&amp;autopause=0&amp;player_id=0&amp;app_id=58479"" frameborder=""0"" allow=""autoplay; fullscreen; picture-in-picture; clipboard-write; encrypted-media; web-share"" referrerpolicy=""strict-origin-when-cross-origin"" style=""position:absolute;top:0;left:0;width:100%;height:100%;"" title=""grouping symbols 2 final""></iframe></div><script src=""https://player.vimeo.com/api/player.js""></script>"
"Term 2","Week 16","Mathematics","Grouping Symbols 3","a","<div style=""padding:56.25% 0 0 0;position:relative;""><iframe src=""https://player.vimeo.com/video/1145214440?h=df8b232820&amp;badge=0&amp;autopause=0&amp;player_id=0&amp;app_id=58479"" frameborder=""0"" allow=""autoplay; fullscreen; picture-in-picture; clipboard-write; encrypted-media; web-share"" referrerpolicy=""strict-origin-when-cross-origin"" style=""position:absolute;top:0;left:0;width:100%;height:100%;"" title=""GROUPING SYMBOLS 3""></iframe></div><script src=""https://player.vimeo.com/api/player.js""></script>"
"Term 1","Week 6","English","Phrases and Clauses","a",NULL
"Term 1","Week 6","English","Appositives and Appositive Phrases","a",NULL
"Term 3","Week 22","Mathematics","Rounding Decimals","a","<div style=""padding:56.25% 0 0 0;position:relative;""><iframe src=""https://player.vimeo.com/video/1142387570?h=3c7ba12251&amp;badge=0&amp;autopause=0&amp;player_id=0&amp;app_id=58479"" frameborder=""0"" allow=""autoplay; fullscreen; picture-in-picture; clipboard-write; encrypted-media; web-share"" referrerpolicy=""strict-origin-when-cross-origin"" style=""position:absolute;top:0;left:0;width:100%;height:100%;"" title=""ROUNDING DECIMALS FULL (1)""></iframe></div><script src=""https://player.vimeo.com/api/player.js""></script>"
"Term 3","Week 22","Mathematics","Multiplying Decimals by 10","a","<div style=""padding:56.25% 0 0 0;position:relative;""><iframe src=""https://player.vimeo.com/video/1142387518?h=6f88e7f6a0&amp;badge=0&amp;autopause=0&amp;player_id=0&amp;app_id=58479"" frameborder=""0"" allow=""autoplay; fullscreen; picture-in-picture; clipboard-write; encrypted-media; web-share"" referrerpolicy=""strict-origin-when-cross-origin"" style=""position:absolute;top:0;left:0;width:100%;height:100%;"" title=""MULTIPLYING DECIMALS BY 10 FULL""></iframe></div><script src=""https://player.vimeo.com/api/player.js""></script>"
"Term 3","Week 22","Mathematics","Multiplying Decimals by 100","a","<div style=""padding:56.25% 0 0 0;position:relative;""><iframe src=""https://player.vimeo.com/video/1142387483?h=34afbec2e4&amp;badge=0&amp;autopause=0&amp;player_id=0&amp;app_id=58479"" frameborder=""0"" allow=""autoplay; fullscreen; picture-in-picture; clipboard-write; encrypted-media; web-share"" referrerpolicy=""strict-origin-when-cross-origin"" style=""position:absolute;top:0;left:0;width:100%;height:100%;"" title=""MULTIPLYING DECIMALS BY 100 FULL""></iframe></div><script src=""https://player.vimeo.com/api/player.js""></script>"
"Term 3","Week 22","Mathematics","Multiplying Decimals by 1000","a","<div style=""padding:56.25% 0 0 0;position:relative;""><iframe src=""https://player.vimeo.com/video/1142386478?h=cae98d74a8&amp;badge=0&amp;autopause=0&amp;player_id=0&amp;app_id=58479"" frameborder=""0"" allow=""autoplay; fullscreen; picture-in-picture; clipboard-write; encrypted-media; web-share"" referrerpolicy=""strict-origin-when-cross-origin"" style=""position:absolute;top:0;left:0;width:100%;height:100%;"" title=""MULTIPLYING DECIMALS BY 1000 FULL""></iframe></div><script src=""https://player.vimeo.com/api/player.js""></script>"
"Term 3","Week 22","Mathematics","Multiplying Decimals by 10, 100, 1000","a","<div style=""padding:56.25% 0 0 0;position:relative;""><iframe src=""https://player.vimeo.com/video/1142385894?h=3aaf8196e4&amp;badge=0&amp;autopause=0&amp;player_id=0&amp;app_id=58479"" frameborder=""0"" allow=""autoplay; fullscreen; picture-in-picture; clipboard-write; encrypted-media; web-share"" referrerpolicy=""strict-origin-when-cross-origin"" style=""position:absolute;top:0;left:0;width:100%;height:100%;"" title=""MULTIPLYING DECIMALS BY 10,100,1000 FULL""></iframe></div><script src=""https://player.vimeo.com/api/player.js""></script>"
"Term 2","Week 17","Mathematics","Product of single terms (Grouping Symbols 4)","x",NULL
"Term 2","Week 17","Mathematics","Grouping Symbols 5","a","<div style=""padding:56.25% 0 0 0;position:relative;""><iframe src=""https://player.vimeo.com/video/1145191950?h=a335ae4747&amp;badge=0&amp;autopause=0&amp;player_id=0&amp;app_id=58479"" frameborder=""0"" allow=""autoplay; fullscreen; picture-in-picture; clipboard-write; encrypted-media; web-share"" referrerpolicy=""strict-origin-when-cross-origin"" style=""position:absolute;top:0;left:0;width:100%;height:100%;"" title=""grouping symbols 5 part1 finall""></iframe></div><script src=""https://player.vimeo.com/api/player.js""></script>"
"Term 2","Week 17","Mathematics","Factorisation by a Common Factor","a","<div style=""padding:56.25% 0 0 0;position:relative;""><iframe src=""https://player.vimeo.com/video/1145190668?h=d1447f0971&amp;badge=0&amp;autopause=0&amp;player_id=0&amp;app_id=58479"" frameborder=""0"" allow=""autoplay; fullscreen; picture-in-picture; clipboard-write; encrypted-media; web-share"" referrerpolicy=""strict-origin-when-cross-origin"" style=""position:absolute;top:0;left:0;width:100%;height:100%;"" title=""FACTORIZATION BY A COMMON FACTOR FULL""></iframe></div><script src=""https://player.vimeo.com/api/player.js""></script>"
"Term 3","Week 23","Mathematics","Multiply Decimals by Whole Numbers","a","<div style=""padding:56.25% 0 0 0;position:relative;""><iframe src=""https://player.vimeo.com/video/1142385063?h=f42c1e5f8a&amp;badge=0&amp;autopause=0&amp;player_id=0&amp;app_id=58479"" frameborder=""0"" allow=""autoplay; fullscreen; picture-in-picture; clipboard-write; encrypted-media; web-share"" referrerpolicy=""strict-origin-when-cross-origin"" style=""position:absolute;top:0;left:0;width:100%;height:100%;"" title=""MULTIPLYING DECIMALS BY WHOLE NUMBER FULL""></iframe></div><script src=""https://player.vimeo.com/api/player.js""></script>"
"Term 3","Week 23","Mathematics","Problems on Multiplication of decimals","a","<div style=""padding:56.25% 0 0 0;position:relative;""><iframe src=""https://player.vimeo.com/video/1142383910?h=78237b956e&amp;badge=0&amp;autopause=0&amp;player_id=0&amp;app_id=58479"" frameborder=""0"" allow=""autoplay; fullscreen; picture-in-picture; clipboard-write; encrypted-media; web-share"" referrerpolicy=""strict-origin-when-cross-origin"" style=""position:absolute;top:0;left:0;width:100%;height:100%;"" title=""PROBLEMS ON MULTIPLICATION OF DECIMALS FULL""></iframe></div><script src=""https://player.vimeo.com/api/player.js""></script>"
"Term 3","Week 23","Mathematics","Division of Decimals","a","<div style=""padding:56.25% 0 0 0;position:relative;""><iframe src=""https://player.vimeo.com/video/1142383325?h=52160b05b2&amp;badge=0&amp;autopause=0&amp;player_id=0&amp;app_id=58479"" frameborder=""0"" allow=""autoplay; fullscreen; picture-in-picture; clipboard-write; encrypted-media; web-share"" referrerpolicy=""strict-origin-when-cross-origin"" style=""position:absolute;top:0;left:0;width:100%;height:100%;"" title=""DECIMAL DIVISION FULL (1)""></iframe></div><script src=""https://player.vimeo.com/api/player.js""></script>"
"Term 2","Week 18","Mathematics","Using Algorithms to Correct Errors","x",NULL
"Term 2","Week 18","Mathematics","Identifying Plotted Points","x",NULL
"Term 2","Week 20","Mathematics","Comparing Lines","a","<div style=""padding:56.25% 0 0 0;position:relative;""><iframe src=""https://player.vimeo.com/video/1145188842?h=32c563c4da&amp;badge=0&amp;autopause=0&amp;player_id=0&amp;app_id=58479"" frameborder=""0"" allow=""autoplay; fullscreen; picture-in-picture; clipboard-write; encrypted-media; web-share"" referrerpolicy=""strict-origin-when-cross-origin"" style=""position:absolute;top:0;left:0;width:100%;height:100%;"" title=""COMPARING LINES FULL""></iframe></div><script src=""https://player.vimeo.com/api/player.js""></script>"
"Term 2","Week 20","Mathematics","Finding the Equation of a Line","a","<div style=""padding:56.25% 0 0 0;position:relative;""><iframe src=""https://player.vimeo.com/video/1145187995?h=8d50d568e8&amp;badge=0&amp;autopause=0&amp;player_id=0&amp;app_id=58479"" frameborder=""0"" allow=""autoplay; fullscreen; picture-in-picture; clipboard-write; encrypted-media; web-share"" referrerpolicy=""strict-origin-when-cross-origin"" style=""position:absolute;top:0;left:0;width:100%;height:100%;"" title=""FINDING THE EQUATION OF A LINE""></iframe></div><script src=""https://player.vimeo.com/api/player.js""></script>"
"Term 2","Week 20","Mathematics","Real Life Graphs","a","<div style=""padding:56.25% 0 0 0;position:relative;""><iframe src=""https://player.vimeo.com/video/1145187100?h=e63d3a0c04&amp;badge=0&amp;autopause=0&amp;player_id=0&amp;app_id=58479"" frameborder=""0"" allow=""autoplay; fullscreen; picture-in-picture; clipboard-write; encrypted-media; web-share"" referrerpolicy=""strict-origin-when-cross-origin"" style=""position:absolute;top:0;left:0;width:100%;height:100%;"" title=""REAL LIFE GRAPHS FINAL""></iframe></div><script src=""https://player.vimeo.com/api/player.js""></script>"
"Term 3","Week 24","Mathematics","Dividing Decimals by 10","a","<div style=""padding:56.25% 0 0 0;position:relative;""><iframe src=""https://player.vimeo.com/video/1142382766?h=142eede647&amp;badge=0&amp;autopause=0&amp;player_id=0&amp;app_id=58479"" frameborder=""0"" allow=""autoplay; fullscreen; picture-in-picture; clipboard-write; encrypted-media; web-share"" referrerpolicy=""strict-origin-when-cross-origin"" style=""position:absolute;top:0;left:0;width:100%;height:100%;"" title=""DIVIDING DECIMALS BY 10 FULL""></iframe></div><script src=""https://player.vimeo.com/api/player.js""></script>"
"Term 3","Week 24","Mathematics","Dividing Decimals by 100","a","<div style=""padding:56.25% 0 0 0;position:relative;""><iframe src=""https://player.vimeo.com/video/1142382375?h=7dfaaaf916&amp;badge=0&amp;autopause=0&amp;player_id=0&amp;app_id=58479"" frameborder=""0"" allow=""autoplay; fullscreen; picture-in-picture; clipboard-write; encrypted-media; web-share"" referrerpolicy=""strict-origin-when-cross-origin"" style=""position:absolute;top:0;left:0;width:100%;height:100%;"" title=""DIVIDING DECIMALS BY 100 FULL""></iframe></div><script src=""https://player.vimeo.com/api/player.js""></script>"
"Term 3","Week 24","Mathematics","Dividing Decimals by 1000","a","<div style=""padding:56.25% 0 0 0;position:relative;""><iframe src=""https://player.vimeo.com/video/1142381680?h=c126339d60&amp;badge=0&amp;autopause=0&amp;player_id=0&amp;app_id=58479"" frameborder=""0"" allow=""autoplay; fullscreen; picture-in-picture; clipboard-write; encrypted-media; web-share"" referrerpolicy=""strict-origin-when-cross-origin"" style=""position:absolute;top:0;left:0;width:100%;height:100%;"" title=""DIVIDING DECIMALS BY 10,100,1000 FULL""></iframe></div><script src=""https://player.vimeo.com/api/player.js""></script>"
"Term 3","Week 24","Mathematics","Dividing Decimals by 10, 100, 1000","a","<div style=""padding:56.25% 0 0 0;position:relative;""><iframe src=""https://player.vimeo.com/video/1142381680?h=c126339d60&amp;badge=0&amp;autopause=0&amp;player_id=0&amp;app_id=58479"" frameborder=""0"" allow=""autoplay; fullscreen; picture-in-picture; clipboard-write; encrypted-media; web-share"" referrerpolicy=""strict-origin-when-cross-origin"" style=""position:absolute;top:0;left:0;width:100%;height:100%;"" title=""DIVIDING DECIMALS BY 10,100,1000 FULL""></iframe></div><script src=""https://player.vimeo.com/api/player.js""></script>"
"Term 1","Week 9","Mathematics","Division of Mixed Numerals","x","<div style=""padding:56.25% 0 0 0;position:relative;""><iframe src=""https://player.vimeo.com/video/1141676545?h=aed0ff48de&amp;badge=0&amp;autopause=0&amp;player_id=0&amp;app_id=58479"" frameborder=""0"" allow=""autoplay; fullscreen; picture-in-picture; clipboard-write; encrypted-media; web-share"" referrerpolicy=""strict-origin-when-cross-origin"" style=""position:absolute;top:0;left:0;width:100%;height:100%;"" title=""Division of mixed numerals""></iframe></div><script src=""https://player.vimeo.com/api/player.js""></script>"
"Term 1","Week 9","Mathematics","Quantities as Fractions of Others","x","<div style=""padding:56.25% 0 0 0;position:relative;""><iframe src=""https://player.vimeo.com/video/1141676434?h=8703b90bce&amp;badge=0&amp;autopause=0&amp;player_id=0&amp;app_id=58479"" frameborder=""0"" allow=""autoplay; fullscreen; picture-in-picture; clipboard-write; encrypted-media; web-share"" referrerpolicy=""strict-origin-when-cross-origin"" style=""position:absolute;top:0;left:0;width:100%;height:100%;"" title=""Quantities as fractions""></iframe></div><script src=""https://player.vimeo.com/api/player.js""></script>"
"Term 1","Week 9","Mathematics","Angles - Types and Labelling","x",NULL
"Term 1","Week 7","English","Simple and Compound Sentences","a","<div style=""padding:56.25% 0 0 0;position:relative;""><iframe src=""https://player.vimeo.com/video/1143064168?h=a041f4b015&amp;badge=0&amp;autopause=0&amp;player_id=0&amp;app_id=58479"" frameborder=""0"" allow=""autoplay; fullscreen; picture-in-picture; clipboard-write; encrypted-media; web-share"" referrerpolicy=""strict-origin-when-cross-origin"" style=""position:absolute;top:0;left:0;width:100%;height:100%;"" title=""Simple and Compound Sentences Y3""></iframe></div><script src=""https://player.vimeo.com/api/player.js""></script>"
"Term 1","Week 7","English","Complex and Compound-Complex Sentences","a",NULL
"Term 3","Week 25","Mathematics","Estimation","a","<div style=""padding:56.25% 0 0 0;position:relative;""><iframe src=""https://player.vimeo.com/video/1142381008?h=b77c018dfc&amp;badge=0&amp;autopause=0&amp;player_id=0&amp;app_id=58479"" frameborder=""0"" allow=""autoplay; fullscreen; picture-in-picture; clipboard-write; encrypted-media; web-share"" referrerpolicy=""strict-origin-when-cross-origin"" style=""position:absolute;top:0;left:0;width:100%;height:100%;"" title=""ESTIMATION FULL""></iframe></div><script src=""https://player.vimeo.com/api/player.js""></script>"
"Term 3","Week 25","Mathematics","Decimals to Fractions","a","<div style=""padding:56.25% 0 0 0;position:relative;""><iframe src=""https://player.vimeo.com/video/1142379177?h=c7cd395936&amp;badge=0&amp;autopause=0&amp;player_id=0&amp;app_id=58479"" frameborder=""0"" allow=""autoplay; fullscreen; picture-in-picture; clipboard-write; encrypted-media; web-share"" referrerpolicy=""strict-origin-when-cross-origin"" style=""position:absolute;top:0;left:0;width:100%;height:100%;"" title=""DECIMALS TO FRACTIONS FULL""></iframe></div><script src=""https://player.vimeo.com/api/player.js""></script>"
"Term 3","Week 25","Mathematics","Fractions to Decimals 1","a","<div style=""padding:56.25% 0 0 0;position:relative;""><iframe src=""https://player.vimeo.com/video/1142377339?h=4f93e1dc61&amp;badge=0&amp;autopause=0&amp;player_id=0&amp;app_id=58479"" frameborder=""0"" allow=""autoplay; fullscreen; picture-in-picture; clipboard-write; encrypted-media; web-share"" referrerpolicy=""strict-origin-when-cross-origin"" style=""position:absolute;top:0;left:0;width:100%;height:100%;"" title=""PERCENTAGES TO FRACTIONS FULL (1)""></iframe></div><script src=""https://player.vimeo.com/api/player.js""></script>"
"Term 3","Week 25","Mathematics","Fractions to Decimals 2","a","<div style=""padding:56.25% 0 0 0;position:relative;""><iframe src=""https://player.vimeo.com/video/1142378374?h=50fdbb722a&amp;badge=0&amp;autopause=0&amp;player_id=0&amp;app_id=58479%2Fembed"" allow=""autoplay; fullscreen; picture-in-picture"" allowfullscreen="""" frameborder=""0"" style=""position:absolute;top:0;left:0;width:100%;height:100%;""></iframe></div>"
"Term 1","Week 10","Mathematics","Angles on a Straight Line","x","<div style=""padding:56.25% 0 0 0;position:relative;""><iframe src=""https://player.vimeo.com/video/1141671781?h=b8dd130df4&amp;badge=0&amp;autopause=0&amp;player_id=0&amp;app_id=58479"" frameborder=""0"" allow=""autoplay; fullscreen; picture-in-picture; clipboard-write; encrypted-media; web-share"" referrerpolicy=""strict-origin-when-cross-origin"" style=""position:absolute;top:0;left:0;width:100%;height:100%;"" title=""Angles on a straight line""></iframe></div><script src=""https://player.vimeo.com/api/player.js""></script>"
"Term 1","Week 10","Mathematics","Vertically Opposite and Angles at a Point","x",NULL
"Term 3","Week 21","Mathematics","Two-Step Equations","a","<div style=""padding:56.25% 0 0 0;position:relative;""><iframe src=""https://player.vimeo.com/video/1145186496?h=4c9c00ef79&amp;badge=0&amp;autopause=0&amp;player_id=0&amp;app_id=58479"" frameborder=""0"" allow=""autoplay; fullscreen; picture-in-picture; clipboard-write; encrypted-media; web-share"" referrerpolicy=""strict-origin-when-cross-origin"" style=""position:absolute;top:0;left:0;width:100%;height:100%;"" title=""Two Step Equations""></iframe></div><script src=""https://player.vimeo.com/api/player.js""></script>"
"Term 3","Week 21","Mathematics","Pronumerals (Variables) on Both Sides","x",NULL
"Term 1","Week 10","Mathematics","Parallel Lines","x","<div style=""padding:56.25% 0 0 0;position:relative;""><iframe src=""https://player.vimeo.com/video/1141671755?h=3bc72c7e9f&amp;badge=0&amp;autopause=0&amp;player_id=0&amp;app_id=58479"" frameborder=""0"" allow=""autoplay; fullscreen; picture-in-picture; clipboard-write; encrypted-media; web-share"" referrerpolicy=""strict-origin-when-cross-origin"" style=""position:absolute;top:0;left:0;width:100%;height:100%;"" title=""Parallel lines - Yr 7 - Week 10""></iframe></div><script src=""https://player.vimeo.com/api/player.js""></script>"
"Term 3","Week 22","Mathematics","Equations with Brackets 1","a","<div style=""padding:56.25% 0 0 0;position:relative;""><iframe src=""https://player.vimeo.com/video/1145184908?h=68314b0413&amp;badge=0&amp;autopause=0&amp;player_id=0&amp;app_id=58479"" frameborder=""0"" allow=""autoplay; fullscreen; picture-in-picture; clipboard-write; encrypted-media; web-share"" referrerpolicy=""strict-origin-when-cross-origin"" style=""position:absolute;top:0;left:0;width:100%;height:100%;"" title=""EQUATIONS WITH BRACKETS 2""></iframe></div><script src=""https://player.vimeo.com/api/player.js""></script>"
"Term 3","Week 22","Mathematics","Equations with Brackets 2","a","<div style=""padding:56.25% 0 0 0;position:relative;""><iframe src=""https://player.vimeo.com/video/1145184908?h=68314b0413&amp;badge=0&amp;autopause=0&amp;player_id=0&amp;app_id=58479"" frameborder=""0"" allow=""autoplay; fullscreen; picture-in-picture; clipboard-write; encrypted-media; web-share"" referrerpolicy=""strict-origin-when-cross-origin"" style=""position:absolute;top:0;left:0;width:100%;height:100%;"" title=""EQUATIONS WITH BRACKETS 2""></iframe></div><script src=""https://player.vimeo.com/api/player.js""></script>"
"Term 3","Week 22","Mathematics","Equations with Brackets 3","a","<div style=""padding:75% 0 0 0;position:relative;""><iframe src=""https://player.vimeo.com/video/1145177155?h=c9900c6652&amp;badge=0&amp;autopause=0&amp;player_id=0&amp;app_id=58479"" frameborder=""0"" allow=""autoplay; fullscreen; picture-in-picture; clipboard-write; encrypted-media; web-share"" referrerpolicy=""strict-origin-when-cross-origin"" style=""position:absolute;top:0;left:0;width:100%;height:100%;"" title=""EQUATIONS WITH BRACKETS 3""></iframe></div><script src=""https://player.vimeo.com/api/player.js""></script>"
"Term 2","Week 11","Mathematics","Introduction to Decimals","a","<div style=""padding:56.25% 0 0 0;position:relative;""><iframe src=""https://player.vimeo.com/video/1141670987?h=ba63cc509c&amp;badge=0&amp;autopause=0&amp;player_id=0&amp;app_id=58479"" frameborder=""0"" allow=""autoplay; fullscreen; picture-in-picture; clipboard-write; encrypted-media; web-share"" referrerpolicy=""strict-origin-when-cross-origin"" style=""position:absolute;top:0;left:0;width:100%;height:100%;"" title=""Introduction to decimals""></iframe></div><script src=""https://player.vimeo.com/api/player.js""></script>"
"Term 2","Week 11","Mathematics","Comparing Size","a","<div style=""padding:56.25% 0 0 0;position:relative;""><iframe src=""https://player.vimeo.com/video/1141671384?h=3fb62af63e&amp;badge=0&amp;autopause=0&amp;player_id=0&amp;app_id=58479"" frameborder=""0"" allow=""autoplay; fullscreen; picture-in-picture; clipboard-write; encrypted-media; web-share"" referrerpolicy=""strict-origin-when-cross-origin"" style=""position:absolute;top:0;left:0;width:100%;height:100%;"" title=""Comparing size""></iframe></div><script src=""https://player.vimeo.com/api/player.js""></script>"
"Term 2","Week 11","Mathematics","Rounding Off Decimals","a","<div style=""padding:56.25% 0 0 0;position:relative;""><iframe src=""https://player.vimeo.com/video/1141671322?h=cdce9cf288&amp;badge=0&amp;autopause=0&amp;player_id=0&amp;app_id=58479"" frameborder=""0"" allow=""autoplay; fullscreen; picture-in-picture; clipboard-write; encrypted-media; web-share"" referrerpolicy=""strict-origin-when-cross-origin"" style=""position:absolute;top:0;left:0;width:100%;height:100%;"" title=""ROUNDING DECIMALS FULL""></iframe></div><script src=""https://player.vimeo.com/api/player.js""></script>"
"Term 2","Week 11","Mathematics","Addition of Decimals","a","<div style=""padding:56.25% 0 0 0;position:relative;""><iframe src=""https://player.vimeo.com/video/1141670957?h=10c07ecb18&amp;badge=0&amp;autopause=0&amp;player_id=0&amp;app_id=58479"" frameborder=""0"" allow=""autoplay; fullscreen; picture-in-picture; clipboard-write; encrypted-media; web-share"" referrerpolicy=""strict-origin-when-cross-origin"" style=""position:absolute;top:0;left:0;width:100%;height:100%;"" title=""ADDITION OF DECIMALS FULL""></iframe></div><script src=""https://player.vimeo.com/api/player.js""></script>"
"Term 3","Week 23","Mathematics","Equations with Fractions","a","<div style=""padding:56.25% 0 0 0;position:relative;""><iframe src=""https://player.vimeo.com/video/1145176037?h=0c31033df3&amp;badge=0&amp;autopause=0&amp;player_id=0&amp;app_id=58479"" frameborder=""0"" allow=""autoplay; fullscreen; picture-in-picture; clipboard-write; encrypted-media; web-share"" referrerpolicy=""strict-origin-when-cross-origin"" style=""position:absolute;top:0;left:0;width:100%;height:100%;"" title=""EQUATIONS WITH FRACTIONS FULL""></iframe></div><script src=""https://player.vimeo.com/api/player.js""></script>"
"Term 3","Week 23","Mathematics","Equations involving Substitution","a","<div style=""padding:56.25% 0 0 0;position:relative;""><iframe src=""https://player.vimeo.com/video/1145175152?h=8af395720c&amp;badge=0&amp;autopause=0&amp;player_id=0&amp;app_id=58479"" frameborder=""0"" allow=""autoplay; fullscreen; picture-in-picture; clipboard-write; encrypted-media; web-share"" referrerpolicy=""strict-origin-when-cross-origin"" style=""position:absolute;top:0;left:0;width:100%;height:100%;"" title=""EQUATION INVOLVING SUBSTITUTION""></iframe></div><script src=""https://player.vimeo.com/api/player.js""></script>"
"Term 3","Week 26","Mathematics","Introduction to Percentages","a","<div style=""padding:56.25% 0 0 0;position:relative;""><iframe src=""https://player.vimeo.com/video/1142377816?h=58ab87cb18&amp;badge=0&amp;autopause=0&amp;player_id=0&amp;app_id=58479"" frameborder=""0"" allow=""autoplay; fullscreen; picture-in-picture; clipboard-write; encrypted-media; web-share"" referrerpolicy=""strict-origin-when-cross-origin"" style=""position:absolute;top:0;left:0;width:100%;height:100%;"" title=""INTRODUCTION TO PERCENTAGES FULL""></iframe></div><script src=""https://player.vimeo.com/api/player.js""></script>"
"Term 3","Week 26","Mathematics","Percentages to Fractions","a","<div style=""padding:56.25% 0 0 0;position:relative;""><iframe src=""https://player.vimeo.com/video/1142377339?h=4f93e1dc61&amp;badge=0&amp;autopause=0&amp;player_id=0&amp;app_id=58479"" frameborder=""0"" allow=""autoplay; fullscreen; picture-in-picture; clipboard-write; encrypted-media; web-share"" referrerpolicy=""strict-origin-when-cross-origin"" style=""position:absolute;top:0;left:0;width:100%;height:100%;"" title=""PERCENTAGES TO FRACTIONS FULL (1)""></iframe></div><script src=""https://player.vimeo.com/api/player.js""></script>"
"Term 3","Week 26","Mathematics","Percentages to Decimals","a","<div style=""padding:56.25% 0 0 0;position:relative;""><iframe src=""https://player.vimeo.com/video/1142376556?h=44aba6c92d&amp;badge=0&amp;autopause=0&amp;player_id=0&amp;app_id=58479"" frameborder=""0"" allow=""autoplay; fullscreen; picture-in-picture; clipboard-write; encrypted-media; web-share"" referrerpolicy=""strict-origin-when-cross-origin"" style=""position:absolute;top:0;left:0;width:100%;height:100%;"" title=""PERCENTAGES TO DECIMALS FULL""></iframe></div><script src=""https://player.vimeo.com/api/player.js""></script>"
"Term 2","Week 12","Mathematics","Subtraction of Decimals","x",NULL
"Term 2","Week 12","Mathematics","Multiplication and Division by Powers of Ten","x",NULL
"Term 2","Week 12","Mathematics","Multiplication by a Decimal","x",NULL
"Term 2","Week 12","Mathematics","Division by a Whole Number","x",NULL
"Term 3","Week 27","Mathematics","Fractions and Decimals to Percentages","a","<div style=""padding:56.25% 0 0 0;position:relative;""><iframe src=""https://player.vimeo.com/video/1142375980?h=fc82d125d6&amp;badge=0&amp;autopause=0&amp;player_id=0&amp;app_id=58479"" frameborder=""0"" allow=""autoplay; fullscreen; picture-in-picture; clipboard-write; encrypted-media; web-share"" referrerpolicy=""strict-origin-when-cross-origin"" style=""position:absolute;top:0;left:0;width:100%;height:100%;"" title=""FRACTIONS AND DECIMALS AS PERCENTAGES""></iframe></div><script src=""https://player.vimeo.com/api/player.js""></script>"
"Term 3","Week 27","Mathematics","Comparing Numbers as Decimals",NULL,NULL
"Term 3","Week 27","Mathematics","Percentage Discounts","a","<div style=""padding:56.25% 0 0 0;position:relative;""><iframe src=""https://player.vimeo.com/video/1142374499?h=0ae6627e16&amp;badge=0&amp;autopause=0&amp;player_id=0&amp;app_id=58479"" frameborder=""0"" allow=""autoplay; fullscreen; picture-in-picture; clipboard-write; encrypted-media; web-share"" referrerpolicy=""strict-origin-when-cross-origin"" style=""position:absolute;top:0;left:0;width:100%;height:100%;"" title=""PERCENTAGE DISCOUNTS FULL""></iframe></div><script src=""https://player.vimeo.com/api/player.js""></script>"
"Term 1","Week 8","English","Main Verbs and Helping Verbs","a",NULL
"Term 1","Week 8","English","Transitive and Intransitive Verbs","s","<div style=""padding:56.25% 0 0 0;position:relative;""><iframe src=""https://player.vimeo.com/video/1143062351?h=bc6c8ce6d6&amp;badge=0&amp;autopause=0&amp;player_id=0&amp;app_id=58479"" frameborder=""0"" allow=""autoplay; fullscreen; picture-in-picture; clipboard-write; encrypted-media; web-share"" referrerpolicy=""strict-origin-when-cross-origin"" style=""position:absolute;top:0;left:0;width:100%;height:100%;"" title=""Transitive and Intransitive Verbs Y3""></iframe></div><script src=""https://player.vimeo.com/api/player.js""></script>"
"Term 2","Week 11","English","Verb Tense: Present","a","<div style=""padding:56.25% 0 0 0;position:relative;""><iframe src=""https://player.vimeo.com/video/1143062281?h=88b2ea832a&amp;badge=0&amp;autopause=0&amp;player_id=0&amp;app_id=58479"" frameborder=""0"" allow=""autoplay; fullscreen; picture-in-picture; clipboard-write; encrypted-media; web-share"" referrerpolicy=""strict-origin-when-cross-origin"" style=""position:absolute;top:0;left:0;width:100%;height:100%;"" title=""Verb Tense – Present (1)""></iframe></div><script src=""https://player.vimeo.com/api/player.js""></script>"
"Term 2","Week 11","English","Verb Tense: Past","a",NULL
"Term 3","Week 24","Mathematics","Solving Problems Using Equations","a","<div style=""padding:56.25% 0 0 0;position:relative;""><iframe src=""https://player.vimeo.com/video/1145174084?h=e82335cc3c&amp;badge=0&amp;autopause=0&amp;player_id=0&amp;app_id=58479"" frameborder=""0"" allow=""autoplay; fullscreen; picture-in-picture; clipboard-write; encrypted-media; web-share"" referrerpolicy=""strict-origin-when-cross-origin"" style=""position:absolute;top:0;left:0;width:100%;height:100%;"" title=""SOLVING PROBLEMS USING EQUATIONS""></iframe></div><script src=""https://player.vimeo.com/api/player.js""></script>"
"Term 3","Week 24","Mathematics","Using Graphs to Solve Equations","a","<div style=""padding:56.25% 0 0 0;position:relative;""><iframe src=""https://player.vimeo.com/video/1145172089?h=913661309c&amp;badge=0&amp;autopause=0&amp;player_id=0&amp;app_id=58479"" frameborder=""0"" allow=""autoplay; fullscreen; picture-in-picture; clipboard-write; encrypted-media; web-share"" referrerpolicy=""strict-origin-when-cross-origin"" style=""position:absolute;top:0;left:0;width:100%;height:100%;"" title=""USING GRAPH TO SOLVING EQUATIONS""></iframe></div><script src=""https://player.vimeo.com/api/player.js""></script>"
"Term 3","Week 28","Mathematics","Describing Patterns","a","<div style=""padding:56.25% 0 0 0;position:relative;""><iframe src=""https://player.vimeo.com/video/1142373475?h=ea5939d63a&amp;badge=0&amp;autopause=0&amp;player_id=0&amp;app_id=58479"" frameborder=""0"" allow=""autoplay; fullscreen; picture-in-picture; clipboard-write; encrypted-media; web-share"" referrerpolicy=""strict-origin-when-cross-origin"" style=""position:absolute;top:0;left:0;width:100%;height:100%;"" title=""DESCRIBING PATTERNS FULL (1)""></iframe></div><script src=""https://player.vimeo.com/api/player.js""></script>"
"Term 3","Week 28","Mathematics","Geometric Patterns","a","<div style=""padding:56.25% 0 0 0;position:relative;""><iframe src=""https://player.vimeo.com/video/1142372745?h=adacce858e&amp;badge=0&amp;autopause=0&amp;player_id=0&amp;app_id=58479"" frameborder=""0"" allow=""autoplay; fullscreen; picture-in-picture; clipboard-write; encrypted-media; web-share"" referrerpolicy=""strict-origin-when-cross-origin"" style=""position:absolute;top:0;left:0;width:100%;height:100%;"" title=""GEOMETRIC PATTERNS FULL (1)""></iframe></div><script src=""https://player.vimeo.com/api/player.js""></script>"
"Term 2","Week 13","Mathematics","Division by a Decimal","a","<div style=""padding:56.25% 0 0 0;position:relative;""><iframe src=""https://player.vimeo.com/video/1141785704?h=c0132c477a&amp;badge=0&amp;autopause=0&amp;player_id=0&amp;app_id=58479"" frameborder=""0"" allow=""autoplay; fullscreen; picture-in-picture; clipboard-write; encrypted-media; web-share"" referrerpolicy=""strict-origin-when-cross-origin"" style=""position:absolute;top:0;left:0;width:100%;height:100%;"" title=""DECIMAL DIVISION FULL""></iframe></div><script src=""https://player.vimeo.com/api/player.js""></script>"
"Term 2","Week 13","Mathematics","Converting Fractions to Decimals 1","a","<div style=""padding:56.25% 0 0 0;position:relative;""><iframe src=""https://player.vimeo.com/video/1141670017?h=d77dc5c0fe&amp;badge=0&amp;autopause=0&amp;player_id=0&amp;app_id=58479"" frameborder=""0"" allow=""autoplay; fullscreen; picture-in-picture; clipboard-write; encrypted-media; web-share"" referrerpolicy=""strict-origin-when-cross-origin"" style=""position:absolute;top:0;left:0;width:100%;height:100%;"" title=""FRACTIONS TO DECIMALS 1 FULL""></iframe></div><script src=""https://player.vimeo.com/api/player.js""></script>"
"Term 2","Week 13","Mathematics","Converting Fractions to Decimals 2","a","<div style=""padding:56.25% 0 0 0;position:relative;""><iframe src=""https://player.vimeo.com/video/1141669993?h=700a84cadd&amp;badge=0&amp;autopause=0&amp;player_id=0&amp;app_id=58479"" frameborder=""0"" allow=""autoplay; fullscreen; picture-in-picture; clipboard-write; encrypted-media; web-share"" referrerpolicy=""strict-origin-when-cross-origin"" style=""position:absolute;top:0;left:0;width:100%;height:100%;"" title=""FRACTIONS TO DECIMALS 2 FULL""></iframe></div><script src=""https://player.vimeo.com/api/player.js""></script>"
"Term 2","Week 13","Mathematics","Percentages as Fractions","s","<div style=""padding:56.25% 0 0 0;position:relative;""><iframe src=""https://player.vimeo.com/video/1141669956?h=0b36d2b72c&amp;badge=0&amp;autopause=0&amp;player_id=0&amp;app_id=58479"" frameborder=""0"" allow=""autoplay; fullscreen; picture-in-picture; clipboard-write; encrypted-media; web-share"" referrerpolicy=""strict-origin-when-cross-origin"" style=""position:absolute;top:0;left:0;width:100%;height:100%;"" title=""PERCENTAGES TO FRACTIONS FULL""></iframe></div><script src=""https://player.vimeo.com/api/player.js""></script>"
"Term 3","Week 29","Mathematics","Table of Values 1","a","<div style=""padding:56.25% 0 0 0;position:relative;""><iframe src=""https://player.vimeo.com/video/1142372362?h=c75cdb381a&amp;badge=0&amp;autopause=0&amp;player_id=0&amp;app_id=58479"" frameborder=""0"" allow=""autoplay; fullscreen; picture-in-picture; clipboard-write; encrypted-media; web-share"" referrerpolicy=""strict-origin-when-cross-origin"" style=""position:absolute;top:0;left:0;width:100%;height:100%;"" title=""TABLE OF VALUES 1 FULL""></iframe></div><script src=""https://player.vimeo.com/api/player.js""></script>"
"Term 3","Week 29","Mathematics","Table of Values 2","a","<div style=""padding:56.25% 0 0 0;position:relative;""><iframe src=""https://player.vimeo.com/video/1142371341?h=d5878c6ad9&amp;badge=0&amp;autopause=0&amp;player_id=0&amp;app_id=58479"" frameborder=""0"" allow=""autoplay; fullscreen; picture-in-picture; clipboard-write; encrypted-media; web-share"" referrerpolicy=""strict-origin-when-cross-origin"" style=""position:absolute;top:0;left:0;width:100%;height:100%;"" title=""TABLE OF VALUES 2 FULL""></iframe></div><script src=""https://player.vimeo.com/api/player.js""></script>"
"Term 3","Week 29","Mathematics","Solving Problems using Algorithms","a","<div style=""padding:75% 0 0 0;position:relative;""><iframe src=""https://player.vimeo.com/video/1142369857?h=e0b814d117&amp;badge=0&amp;autopause=0&amp;player_id=0&amp;app_id=58479"" frameborder=""0"" allow=""autoplay; fullscreen; picture-in-picture; clipboard-write; encrypted-media; web-share"" referrerpolicy=""strict-origin-when-cross-origin"" style=""position:absolute;top:0;left:0;width:100%;height:100%;"" title=""SOLVING PROBLEMS USING ALGORITHMS FULL""></iframe></div><script src=""https://player.vimeo.com/api/player.js""></script>"
"Term 2","Week 12","English","Verb Tense: Future","a",NULL
"Term 2","Week 12","English","Progressive Verb Tenses","a",NULL
"Term 2","Week 12","English","Perfect Verb Tenses","a",NULL
"Term 3","Week 25","Mathematics","Mixed Examples on Angles","a","<div style=""padding:56.25% 0 0 0;position:relative;""><iframe src=""https://player.vimeo.com/video/1145171216?h=3a1cdf5457&amp;badge=0&amp;autopause=0&amp;player_id=0&amp;app_id=58479"" frameborder=""0"" allow=""autoplay; fullscreen; picture-in-picture; clipboard-write; encrypted-media; web-share"" referrerpolicy=""strict-origin-when-cross-origin"" style=""position:absolute;top:0;left:0;width:100%;height:100%;"" title=""MIXED EXAMPLES ON ANGLES""></iframe></div><script src=""https://player.vimeo.com/api/player.js""></script>"
"Term 3","Week 25","Mathematics","Reasoning in Geometry","a","<div style=""padding:56.25% 0 0 0;position:relative;""><iframe src=""https://player.vimeo.com/video/1145170673?h=d2389ec4d0&amp;badge=0&amp;autopause=0&amp;player_id=0&amp;app_id=58479"" frameborder=""0"" allow=""autoplay; fullscreen; picture-in-picture; clipboard-write; encrypted-media; web-share"" referrerpolicy=""strict-origin-when-cross-origin"" style=""position:absolute;top:0;left:0;width:100%;height:100%;"" title=""REASONING IN GEOMETRY""></iframe></div><script src=""https://player.vimeo.com/api/player.js""></script>"
"Term 3","Week 25","Mathematics","Special Triangles","a","<div style=""padding:56.25% 0 0 0;position:relative;""><iframe src=""https://player.vimeo.com/video/1145170403?h=2134bb2467&amp;badge=0&amp;autopause=0&amp;player_id=0&amp;app_id=58479"" frameborder=""0"" allow=""autoplay; fullscreen; picture-in-picture; clipboard-write; encrypted-media; web-share"" referrerpolicy=""strict-origin-when-cross-origin"" style=""position:absolute;top:0;left:0;width:100%;height:100%;"" title=""SPECIAL TRIANGLES FULL""></iframe></div><script src=""https://player.vimeo.com/api/player.js""></script>"
"Term 4","Week 31","Mathematics","Guess and Check Method",NULL,NULL
"Term 4","Week 31","Mathematics","Using a Diagram",NULL,NULL
"Term 4","Week 31","Mathematics","Making a List",NULL,NULL
"Term 2","Week 13","English","Types of Adjectives","q","<div style=""padding:56.25% 0 0 0;position:relative;""><iframe src=""https://player.vimeo.com/video/1143059226?h=c6301fec04&amp;badge=0&amp;autopause=0&amp;player_id=0&amp;app_id=58479%2Fembed"" allow=""autoplay; fullscreen; picture-in-picture"" allowfullscreen="""" frameborder=""0"" style=""position:absolute;top:0;left:0;width:100%;height:100%;""></iframe></div>"
"Term 2","Week 13","English","Degrees of Adjectives","a",NULL
"Term 3","Week 26","Mathematics","Types of Quadrilaterals","a","<div style=""padding:56.25% 0 0 0;position:relative;""><iframe src=""https://player.vimeo.com/video/1145165449?h=6e49f1920a&amp;badge=0&amp;autopause=0&amp;player_id=0&amp;app_id=58479"" frameborder=""0"" allow=""autoplay; fullscreen; picture-in-picture; clipboard-write; encrypted-media; web-share"" referrerpolicy=""strict-origin-when-cross-origin"" style=""position:absolute;top:0;left:0;width:100%;height:100%;"" title=""Types of Quadrilateral Y5""></iframe></div><script src=""https://player.vimeo.com/api/player.js""></script>"
"Term 3","Week 26","Mathematics","Congruence","a","<div style=""padding:56.25% 0 0 0;position:relative;""><iframe src=""https://player.vimeo.com/video/1145165080?h=baa3f354b4&amp;badge=0&amp;autopause=0&amp;player_id=0&amp;app_id=58479"" frameborder=""0"" allow=""autoplay; fullscreen; picture-in-picture; clipboard-write; encrypted-media; web-share"" referrerpolicy=""strict-origin-when-cross-origin"" style=""position:absolute;top:0;left:0;width:100%;height:100%;"" title=""CONGRUENCE""></iframe></div><script src=""https://player.vimeo.com/api/player.js""></script>"
"Term 3","Week 26","Mathematics","Tests for Congruent Triangles","a","<div style=""padding:56.25% 0 0 0;position:relative;""><iframe src=""https://player.vimeo.com/video/1145163145?h=02a6401fb4&amp;badge=0&amp;autopause=0&amp;player_id=0&amp;app_id=58479"" frameborder=""0"" allow=""autoplay; fullscreen; picture-in-picture; clipboard-write; encrypted-media; web-share"" referrerpolicy=""strict-origin-when-cross-origin"" style=""position:absolute;top:0;left:0;width:100%;height:100%;"" title=""TESTS FOR CONGRUENT TRIANGLES""></iframe></div><script src=""https://player.vimeo.com/api/player.js""></script>"
"Term 4","Week 32","Mathematics","Looking for Patterns","a","<div style=""padding:56.25% 0 0 0;position:relative;""><iframe src=""https://player.vimeo.com/video/1142049168?h=5aae15fef2&amp;badge=0&amp;autopause=0&amp;player_id=0&amp;app_id=58479"" frameborder=""0"" allow=""autoplay; fullscreen; picture-in-picture; clipboard-write; encrypted-media; web-share"" referrerpolicy=""strict-origin-when-cross-origin"" style=""position:absolute;top:0;left:0;width:100%;height:100%;"" title=""Looking for patterns""></iframe></div><script src=""https://player.vimeo.com/api/player.js""></script>"
"Term 4","Week 32","Mathematics","Solving a Simpler Problem First",NULL,NULL
"Term 2","Week 14","English","Types of Adverbs","a",NULL
"Term 2","Week 14","English","Degrees of Adverbs","a",NULL
"Term 3","Week 27","Mathematics","Finding Sides and Angles (Congruent Triangles)","x",NULL
"Term 3","Week 27","Mathematics","Properties of Special Quadrilaterals","a","<div style=""padding:56.25% 0 0 0;position:relative;""><iframe src=""https://player.vimeo.com/video/1145161870?h=b917120095&amp;badge=0&amp;autopause=0&amp;player_id=0&amp;app_id=58479"" frameborder=""0"" allow=""autoplay; fullscreen; picture-in-picture; clipboard-write; encrypted-media; web-share"" referrerpolicy=""strict-origin-when-cross-origin"" style=""position:absolute;top:0;left:0;width:100%;height:100%;"" title=""PROPERTIES OF SPECIAL QUADRILATERALS FINAL""></iframe></div><script src=""https://player.vimeo.com/api/player.js""></script>"
"Term 3","Week 27","Mathematics","Tessellations Produced by Transformations","a","<div style=""padding:56.25% 0 0 0;position:relative;""><iframe src=""https://player.vimeo.com/video/1145161398?h=29c9d19190&amp;badge=0&amp;autopause=0&amp;player_id=0&amp;app_id=58479"" frameborder=""0"" allow=""autoplay; fullscreen; picture-in-picture; clipboard-write; encrypted-media; web-share"" referrerpolicy=""strict-origin-when-cross-origin"" style=""position:absolute;top:0;left:0;width:100%;height:100%;"" title=""TESSELLATIONS PRODUCED BY TRANSFORMATIONS""></iframe></div><script src=""https://player.vimeo.com/api/player.js""></script>"
"Term 3","Week 28","Mathematics","Sampling Technique","a","<div style=""padding:56.25% 0 0 0;position:relative;""><iframe src=""https://player.vimeo.com/video/1145160822?h=45f505a992&amp;badge=0&amp;autopause=0&amp;player_id=0&amp;app_id=58479"" frameborder=""0"" allow=""autoplay; fullscreen; picture-in-picture; clipboard-write; encrypted-media; web-share"" referrerpolicy=""strict-origin-when-cross-origin"" style=""position:absolute;top:0;left:0;width:100%;height:100%;"" title=""ANALYSING DATA SETS""></iframe></div><script src=""https://player.vimeo.com/api/player.js""></script>"
"Term 3","Week 28","Mathematics","Analysing Data Sets","a","<div style=""padding:56.25% 0 0 0;position:relative;""><iframe src=""https://player.vimeo.com/video/1145160310?h=fcfc78f6be&amp;badge=0&amp;autopause=0&amp;player_id=0&amp;app_id=58479"" frameborder=""0"" allow=""autoplay; fullscreen; picture-in-picture; clipboard-write; encrypted-media; web-share"" referrerpolicy=""strict-origin-when-cross-origin"" style=""position:absolute;top:0;left:0;width:100%;height:100%;"" title=""ANALYSING DATA SETS""></iframe></div><script src=""https://player.vimeo.com/api/player.js""></script>"
"Term 2","Week 15","English","PREPOSITIONS","a","<div style=""padding:56.25% 0 0 0;position:relative;""><iframe src=""https://player.vimeo.com/video/1143059194?h=db3faa3d68&amp;badge=0&amp;autopause=0&amp;player_id=0&amp;app_id=58479"" frameborder=""0"" allow=""autoplay; fullscreen; picture-in-picture; clipboard-write; encrypted-media; web-share"" referrerpolicy=""strict-origin-when-cross-origin"" style=""position:absolute;top:0;left:0;width:100%;height:100%;"" title=""Prepositions""></iframe></div><script src=""https://player.vimeo.com/api/player.js""></script>"
"Term 2","Week 15","English","OBJECTS OF PREPOSITIONS","s","<div style=""padding:56.25% 0 0 0;position:relative;""><iframe src=""https://player.vimeo.com/video/1143059115?h=9c5edba1f5&amp;badge=0&amp;autopause=0&amp;player_id=0&amp;app_id=58479"" frameborder=""0"" allow=""autoplay; fullscreen; picture-in-picture; clipboard-write; encrypted-media; web-share"" referrerpolicy=""strict-origin-when-cross-origin"" style=""position:absolute;top:0;left:0;width:100%;height:100%;"" title=""Objects of Prepositions (1)""></iframe></div><script src=""https://player.vimeo.com/api/player.js""></script>"
"Term 2","Week 15","English","PREPOSITIONAL PHRASES","s","<div style=""padding:56.25% 0 0 0;position:relative;""><iframe src=""https://player.vimeo.com/video/1143056355?h=4764946df0&amp;badge=0&amp;autopause=0&amp;player_id=0&amp;app_id=58479"" frameborder=""0"" allow=""autoplay; fullscreen; picture-in-picture; clipboard-write; encrypted-media; web-share"" referrerpolicy=""strict-origin-when-cross-origin"" style=""position:absolute;top:0;left:0;width:100%;height:100%;"" title=""Prepositional Phrases Y3 (1)""></iframe></div><script src=""https://player.vimeo.com/api/player.js""></script>"
"Term 3","Week 29","Mathematics","Probability Review","a","<div style=""padding:56.25% 0 0 0;position:relative;""><iframe src=""https://player.vimeo.com/video/1145159739?h=5f163945b6&amp;badge=0&amp;autopause=0&amp;player_id=0&amp;app_id=58479"" frameborder=""0"" allow=""autoplay; fullscreen; picture-in-picture; clipboard-write; encrypted-media; web-share"" referrerpolicy=""strict-origin-when-cross-origin"" style=""position:absolute;top:0;left:0;width:100%;height:100%;"" title=""PROBABILITY REVIEW FINAL""></iframe></div><script src=""https://player.vimeo.com/api/player.js""></script>"
"Term 3","Week 29","Mathematics","Complementary Events","a","<div style=""padding:56.25% 0 0 0;position:relative;""><iframe src=""https://player.vimeo.com/video/1145158443?h=ba7762464a&amp;badge=0&amp;autopause=0&amp;player_id=0&amp;app_id=58479"" frameborder=""0"" allow=""autoplay; fullscreen; picture-in-picture; clipboard-write; encrypted-media; web-share"" referrerpolicy=""strict-origin-when-cross-origin"" style=""position:absolute;top:0;left:0;width:100%;height:100%;"" title=""COMPLEMENTARY EVENTS""></iframe></div><script src=""https://player.vimeo.com/api/player.js""></script>"
"Term 3","Week 29","Mathematics","Language","x",NULL
"Term 4","Week 31","Mathematics","Finding the Hypotenuse 1","a","<div style=""padding:56.25% 0 0 0;position:relative;""><iframe src=""https://player.vimeo.com/video/1145157778?h=a81fb31a1f&amp;badge=0&amp;autopause=0&amp;player_id=0&amp;app_id=58479%2Fembed"" allow=""autoplay; fullscreen; picture-in-picture"" allowfullscreen="""" frameborder=""0"" style=""position:absolute;top:0;left:0;width:100%;height:100%;""></iframe></div>"
"Term 4","Week 31","Mathematics","Finding the Hypotenuse 2","a","<div style=""padding:56.25% 0 0 0;position:relative;""><iframe src=""https://player.vimeo.com/video/1145157722?h=8a2ec3a75d&amp;badge=0&amp;autopause=0&amp;player_id=0&amp;app_id=58479"" frameborder=""0"" allow=""autoplay; fullscreen; picture-in-picture; clipboard-write; encrypted-media; web-share"" referrerpolicy=""strict-origin-when-cross-origin"" style=""position:absolute;top:0;left:0;width:100%;height:100%;"" title=""FIND THE HYPOTENUSE2 fulll""></iframe></div><script src=""https://player.vimeo.com/api/player.js""></script>"
"Term 4","Week 31","Mathematics","Finding a Shorter Side","a","<div style=""padding:56.25% 0 0 0;position:relative;""><iframe src=""https://player.vimeo.com/video/1145157009?h=86c47ac73d&amp;badge=0&amp;autopause=0&amp;player_id=0&amp;app_id=58479"" frameborder=""0"" allow=""autoplay; fullscreen; picture-in-picture; clipboard-write; encrypted-media; web-share"" referrerpolicy=""strict-origin-when-cross-origin"" style=""position:absolute;top:0;left:0;width:100%;height:100%;"" title=""finding a shorter side fullll""></iframe></div><script src=""https://player.vimeo.com/api/player.js""></script>"
"Term 4","Week 32","Mathematics","Composite Shapes 1","a","<div style=""padding:56.25% 0 0 0;position:relative;""><iframe src=""https://player.vimeo.com/video/1145156132?h=599b3432ee&amp;badge=0&amp;autopause=0&amp;player_id=0&amp;app_id=58479"" frameborder=""0"" allow=""autoplay; fullscreen; picture-in-picture; clipboard-write; encrypted-media; web-share"" referrerpolicy=""strict-origin-when-cross-origin"" style=""position:absolute;top:0;left:0;width:100%;height:100%;"" title=""COMPOSITE SHAPES 1""></iframe></div><script src=""https://player.vimeo.com/api/player.js""></script>"
"Term 4","Week 32","Mathematics","Composite Shapes 2","a","<div style=""padding:56.25% 0 0 0;position:relative;""><iframe src=""https://player.vimeo.com/video/1145155865?h=d4bafa3cae&amp;badge=0&amp;autopause=0&amp;player_id=0&amp;app_id=58479"" frameborder=""0"" allow=""autoplay; fullscreen; picture-in-picture; clipboard-write; encrypted-media; web-share"" referrerpolicy=""strict-origin-when-cross-origin"" style=""position:absolute;top:0;left:0;width:100%;height:100%;"" title=""COMPOSITE SHAPES 2 FULL""></iframe></div><script src=""https://player.vimeo.com/api/player.js""></script>"
"Term 4","Week 33","Mathematics","Acting It Out",NULL,NULL
"Term 4","Week 33","Mathematics","Working Backwards",NULL,NULL
"Term 1","Week 2","English","Informative Writing","x",NULL
"Term 2","Week 16","English","Direct Objects and Indirect Objects","q","<div style=""padding:75% 0 0 0;position:relative;""><iframe src=""https://player.vimeo.com/video/1143052640?h=b6277de3d3&amp;badge=0&amp;autopause=0&amp;player_id=0&amp;app_id=58479"" frameborder=""0"" allow=""autoplay; fullscreen; picture-in-picture; clipboard-write; encrypted-media; web-share"" referrerpolicy=""strict-origin-when-cross-origin"" style=""position:absolute;top:0;left:0;width:100%;height:100%;"" title=""Direct vs. Indirect Objects Y3""></iframe></div><script src=""https://player.vimeo.com/api/player.js""></script>"
"Term 4","Week 34","Mathematics","Eliminating Possibilities",NULL,NULL
"Term 4","Week 34","Mathematics","The Metric System","a","<div style=""padding:56.25% 0 0 0;position:relative;""><iframe src=""https://player.vimeo.com/video/1142014168?h=457c63d917&amp;badge=0&amp;autopause=0&amp;player_id=0&amp;app_id=58479"" frameborder=""0"" allow=""autoplay; fullscreen; picture-in-picture; clipboard-write; encrypted-media; web-share"" referrerpolicy=""strict-origin-when-cross-origin"" style=""position:absolute;top:0;left:0;width:100%;height:100%;"" title=""THE METRIC SYSTEM FULL""></iframe></div><script src=""https://player.vimeo.com/api/player.js""></script>"
"Term 2","Week 14","Mathematics","Percentages as Fractions (calculator)","a","<div style=""padding:56.25% 0 0 0;position:relative;""><iframe src=""https://player.vimeo.com/video/1141669956?h=0b36d2b72c&amp;badge=0&amp;autopause=0&amp;player_id=0&amp;app_id=58479"" frameborder=""0"" allow=""autoplay; fullscreen; picture-in-picture; clipboard-write; encrypted-media; web-share"" referrerpolicy=""strict-origin-when-cross-origin"" style=""position:absolute;top:0;left:0;width:100%;height:100%;"" title=""PERCENTAGES TO FRACTIONS FULL""></iframe></div><script src=""https://player.vimeo.com/api/player.js""></script>"
"Term 2","Week 14","Mathematics","Percentages as Decimals","a","<div style=""padding:56.25% 0 0 0;position:relative;""><iframe src=""https://player.vimeo.com/video/1141668935?h=e94029c9a8&amp;badge=0&amp;autopause=0&amp;player_id=0&amp;app_id=58479"" frameborder=""0"" allow=""autoplay; fullscreen; picture-in-picture; clipboard-write; encrypted-media; web-share"" referrerpolicy=""strict-origin-when-cross-origin"" style=""position:absolute;top:0;left:0;width:100%;height:100%;"" title=""PERCENTAGES TO DECIMALS FULL""></iframe></div><script src=""https://player.vimeo.com/api/player.js""></script>"
"Term 2","Week 14","Mathematics","Percentages as Decimals (calculator)","a","<div style=""padding:56.25% 0 0 0;position:relative;""><iframe src=""https://player.vimeo.com/video/1141668935?h=e94029c9a8&amp;badge=0&amp;autopause=0&amp;player_id=0&amp;app_id=58479"" frameborder=""0"" allow=""autoplay; fullscreen; picture-in-picture; clipboard-write; encrypted-media; web-share"" referrerpolicy=""strict-origin-when-cross-origin"" style=""position:absolute;top:0;left:0;width:100%;height:100%;"" title=""PERCENTAGES TO DECIMALS FULL""></iframe></div><script src=""https://player.vimeo.com/api/player.js""></script>"
"Term 2","Week 14","Mathematics","Fractions and Decimals as Percentages","a","<div style=""padding:56.25% 0 0 0;position:relative;""><iframe src=""https://player.vimeo.com/video/1141668896?h=121ab24089&amp;badge=0&amp;autopause=0&amp;player_id=0&amp;app_id=58479"" frameborder=""0"" allow=""autoplay; fullscreen; picture-in-picture; clipboard-write; encrypted-media; web-share"" referrerpolicy=""strict-origin-when-cross-origin"" style=""position:absolute;top:0;left:0;width:100%;height:100%;"" title=""FRACTIONS AND DECIMALS AS PERCENTAGES""></iframe></div><script src=""https://player.vimeo.com/api/player.js""></script>"
"Term 4","Week 35","Mathematics","Metres and Centimetres","a","<div style=""padding:75% 0 0 0;position:relative;""><iframe src=""https://player.vimeo.com/video/1142013544?h=f24e1f4d09&amp;badge=0&amp;autopause=0&amp;player_id=0&amp;app_id=58479"" frameborder=""0"" allow=""autoplay; fullscreen; picture-in-picture; clipboard-write; encrypted-media; web-share"" referrerpolicy=""strict-origin-when-cross-origin"" style=""position:absolute;top:0;left:0;width:100%;height:100%;"" title=""METRES AND CENTIMETRES FULL""></iframe></div><script src=""https://player.vimeo.com/api/player.js""></script>"
"Term 4","Week 35","Mathematics","Kilometres and Metres","a","<div style=""padding:56.25% 0 0 0;position:relative;""><iframe src=""https://player.vimeo.com/video/1142013157?h=e166e8e009&amp;badge=0&amp;autopause=0&amp;player_id=0&amp;app_id=58479"" frameborder=""0"" allow=""autoplay; fullscreen; picture-in-picture; clipboard-write; encrypted-media; web-share"" referrerpolicy=""strict-origin-when-cross-origin"" style=""position:absolute;top:0;left:0;width:100%;height:100%;"" title=""KILOMETRES AND METRES FULL""></iframe></div><script src=""https://player.vimeo.com/api/player.js""></script>"
"Term 4","Week 33","Mathematics","Problem Questions","a","<div style=""padding:56.25% 0 0 0;position:relative;""><iframe src=""https://player.vimeo.com/video/1145154936?h=f11858914c&amp;badge=0&amp;autopause=0&amp;player_id=0&amp;app_id=58479"" frameborder=""0"" allow=""autoplay; fullscreen; picture-in-picture; clipboard-write; encrypted-media; web-share"" referrerpolicy=""strict-origin-when-cross-origin"" style=""position:absolute;top:0;left:0;width:100%;height:100%;"" title=""pythagorean triads full""></iframe></div><script src=""https://player.vimeo.com/api/player.js""></script>"
"Term 4","Week 33","Mathematics","Pythagorean Triads","a","<div style=""padding:56.25% 0 0 0;position:relative;""><iframe src=""https://player.vimeo.com/video/1145154936?h=f11858914c&amp;badge=0&amp;autopause=0&amp;player_id=0&amp;app_id=58479"" frameborder=""0"" allow=""autoplay; fullscreen; picture-in-picture; clipboard-write; encrypted-media; web-share"" referrerpolicy=""strict-origin-when-cross-origin"" style=""position:absolute;top:0;left:0;width:100%;height:100%;"" title=""pythagorean triads full""></iframe></div><script src=""https://player.vimeo.com/api/player.js""></script>"
"Term 4","Week 34","Mathematics","Perimeter","x",NULL
"Term 4","Week 34","Mathematics","The Parts of a Circle","a","<div style=""padding:56.25% 0 0 0;position:relative;""><iframe src=""https://player.vimeo.com/video/1145154257?h=d42e802acf&amp;badge=0&amp;autopause=0&amp;player_id=0&amp;app_id=58479"" frameborder=""0"" allow=""autoplay; fullscreen; picture-in-picture; clipboard-write; encrypted-media; web-share"" referrerpolicy=""strict-origin-when-cross-origin"" style=""position:absolute;top:0;left:0;width:100%;height:100%;"" title=""THE PARTS OF A CIRCLE FULL""></iframe></div><script src=""https://player.vimeo.com/api/player.js""></script>"
"Term 4","Week 36","Mathematics","Length Conversions 1","a","<div style=""padding:50.99% 0 0 0;position:relative;""><iframe src=""https://player.vimeo.com/video/1142012662?h=b9d3286133&amp;badge=0&amp;autopause=0&amp;player_id=0&amp;app_id=58479"" frameborder=""0"" allow=""autoplay; fullscreen; picture-in-picture; clipboard-write; encrypted-media; web-share"" referrerpolicy=""strict-origin-when-cross-origin"" style=""position:absolute;top:0;left:0;width:100%;height:100%;"" title=""1 - Length Conversions""></iframe></div><script src=""https://player.vimeo.com/api/player.js""></script>"
"Term 4","Week 36","Mathematics","Length Conversions 2","a","<div style=""padding:56.25% 0 0 0;position:relative;""><iframe src=""https://player.vimeo.com/video/1142012110?h=2d71b9e934&amp;badge=0&amp;autopause=0&amp;player_id=0&amp;app_id=58479"" frameborder=""0"" allow=""autoplay; fullscreen; picture-in-picture; clipboard-write; encrypted-media; web-share"" referrerpolicy=""strict-origin-when-cross-origin"" style=""position:absolute;top:0;left:0;width:100%;height:100%;"" title=""LENGTH CONVERSIONS 2 FULL""></iframe></div><script src=""https://player.vimeo.com/api/player.js""></script>"
"Term 4","Week 36","Mathematics","Length Conversions 3","a","<div style=""padding:50.99% 0 0 0;position:relative;""><iframe src=""https://player.vimeo.com/video/1142012629?h=6495c4b75d&amp;badge=0&amp;autopause=0&amp;player_id=0&amp;app_id=58479"" frameborder=""0"" allow=""autoplay; fullscreen; picture-in-picture; clipboard-write; encrypted-media; web-share"" referrerpolicy=""strict-origin-when-cross-origin"" style=""position:absolute;top:0;left:0;width:100%;height:100%;"" title=""3 - Length Conversion""></iframe></div><script src=""https://player.vimeo.com/api/player.js""></script>"
"Term 4","Week 36","Mathematics","Length Conversions 4","a","<div style=""padding:56.25% 0 0 0;position:relative;""><iframe src=""https://player.vimeo.com/video/1142011973?h=eff9ce4acc&amp;badge=0&amp;autopause=0&amp;player_id=0&amp;app_id=58479"" frameborder=""0"" allow=""autoplay; fullscreen; picture-in-picture; clipboard-write; encrypted-media; web-share"" referrerpolicy=""strict-origin-when-cross-origin"" style=""position:absolute;top:0;left:0;width:100%;height:100%;"" title=""LENGTH CONVERSIONS 4 FULL""></iframe></div><script src=""https://player.vimeo.com/api/player.js""></script>"
"Term 4","Week 35","Mathematics","Circumference of a Circle","a","<div style=""padding:75% 0 0 0;position:relative;""><iframe src=""https://player.vimeo.com/video/1145153620?h=70043223a6&amp;badge=0&amp;autopause=0&amp;player_id=0&amp;app_id=58479"" frameborder=""0"" allow=""autoplay; fullscreen; picture-in-picture; clipboard-write; encrypted-media; web-share"" referrerpolicy=""strict-origin-when-cross-origin"" style=""position:absolute;top:0;left:0;width:100%;height:100%;"" title=""CIRCUMFERENCE OF A CIRCLE FULL""></iframe></div><script src=""https://player.vimeo.com/api/player.js""></script>"
"Term 4","Week 35","Mathematics","Perimeter of a Sector","a","<div style=""padding:75% 0 0 0;position:relative;""><iframe src=""https://player.vimeo.com/video/1145153165?h=a8ee63f579&amp;badge=0&amp;autopause=0&amp;player_id=0&amp;app_id=58479"" frameborder=""0"" allow=""autoplay; fullscreen; picture-in-picture; clipboard-write; encrypted-media; web-share"" referrerpolicy=""strict-origin-when-cross-origin"" style=""position:absolute;top:0;left:0;width:100%;height:100%;"" title=""PERIMETER OF A SECTOR""></iframe></div><script src=""https://player.vimeo.com/api/player.js""></script>"
"Term 4","Week 37","Mathematics","Operations with Length","a","<div style=""padding:56.25% 0 0 0;position:relative;""><iframe src=""https://player.vimeo.com/video/1142011464?h=f5b5c6ec75&amp;badge=0&amp;autopause=0&amp;player_id=0&amp;app_id=58479"" frameborder=""0"" allow=""autoplay; fullscreen; picture-in-picture; clipboard-write; encrypted-media; web-share"" referrerpolicy=""strict-origin-when-cross-origin"" style=""position:absolute;top:0;left:0;width:100%;height:100%;"" title=""OPERATIONS WITH LENGTH FULL""></iframe></div><script src=""https://player.vimeo.com/api/player.js""></script>"
"Term 4","Week 37","Mathematics","Parts of a Circle","a","<div style=""padding:56.25% 0 0 0;position:relative;""><iframe src=""https://player.vimeo.com/video/1142011058?h=ef8064a370&amp;badge=0&amp;autopause=0&amp;player_id=0&amp;app_id=58479"" frameborder=""0"" allow=""autoplay; fullscreen; picture-in-picture; clipboard-write; encrypted-media; web-share"" referrerpolicy=""strict-origin-when-cross-origin"" style=""position:absolute;top:0;left:0;width:100%;height:100%;"" title=""THE PARTS OF A CIRCLE FULL""></iframe></div><script src=""https://player.vimeo.com/api/player.js""></script>"
"Term 2","Week 16","English","Conjunctions","a",NULL
"Term 4","Week 38","Mathematics","Top, Front and Side Views","a","<div style=""padding:56.25% 0 0 0;position:relative;""><iframe src=""https://player.vimeo.com/video/1141789686?h=0c51bfa2b0&amp;badge=0&amp;autopause=0&amp;player_id=0&amp;app_id=58479"" frameborder=""0"" allow=""autoplay; fullscreen; picture-in-picture; clipboard-write; encrypted-media; web-share"" referrerpolicy=""strict-origin-when-cross-origin"" style=""position:absolute;top:0;left:0;width:100%;height:100%;"" title=""Top, Front and Side Views Y5""></iframe></div><script src=""https://player.vimeo.com/api/player.js""></script>"
"Term 4","Week 38","Mathematics","Combinations of Transformations","a","<div style=""padding:56.25% 0 0 0;position:relative;""><iframe src=""https://player.vimeo.com/video/1142009938?h=d4c504a36a&amp;badge=0&amp;autopause=0&amp;player_id=0&amp;app_id=58479"" frameborder=""0"" allow=""autoplay; fullscreen; picture-in-picture; clipboard-write; encrypted-media; web-share"" referrerpolicy=""strict-origin-when-cross-origin"" style=""position:absolute;top:0;left:0;width:100%;height:100%;"" title=""Combinations of Transformations Y5""></iframe></div><script src=""https://player.vimeo.com/api/player.js""></script>"
"Term 4","Week 37","Mathematics","Units of Area","a","<div style=""padding:75% 0 0 0;position:relative;""><iframe src=""https://player.vimeo.com/video/1145152219?h=d8637aaea5&amp;badge=0&amp;autopause=0&amp;player_id=0&amp;app_id=58479"" frameborder=""0"" allow=""autoplay; fullscreen; picture-in-picture; clipboard-write; encrypted-media; web-share"" referrerpolicy=""strict-origin-when-cross-origin"" style=""position:absolute;top:0;left:0;width:100%;height:100%;"" title=""units of area full""></iframe></div><script src=""https://player.vimeo.com/api/player.js""></script>"
"Term 4","Week 37","Mathematics","Area Review","a","<div style=""padding:56.25% 0 0 0;position:relative;""><iframe src=""https://player.vimeo.com/video/1145150940?h=ef18c7fe97&amp;badge=0&amp;autopause=0&amp;player_id=0&amp;app_id=58479"" frameborder=""0"" allow=""autoplay; fullscreen; picture-in-picture; clipboard-write; encrypted-media; web-share"" referrerpolicy=""strict-origin-when-cross-origin"" style=""position:absolute;top:0;left:0;width:100%;height:100%;"" title=""AREA REVIEW FULL""></iframe></div><script src=""https://player.vimeo.com/api/player.js""></script>"
"Term 4","Week 37","Mathematics","Area of Composite Shapes","x",NULL
"Term 2","Week 19","English","Capitalisation","a",NULL
"Term 3","Week 21","English","Will, Shall and Can","q",NULL
"Term 3","Week 21","English","Would, Should and Could","q",NULL
"Term 4","Week 39","Mathematics","Bar Graphs","a","<div style=""padding:56.25% 0 0 0;position:relative;""><iframe src=""https://player.vimeo.com/video/1142009534?h=a398ee3e2e&amp;badge=0&amp;autopause=0&amp;player_id=0&amp;app_id=58479"" frameborder=""0"" allow=""autoplay; fullscreen; picture-in-picture; clipboard-write; encrypted-media; web-share"" referrerpolicy=""strict-origin-when-cross-origin"" style=""position:absolute;top:0;left:0;width:100%;height:100%;"" title=""BAR GRAPHS FULL""></iframe></div><script src=""https://player.vimeo.com/api/player.js""></script>"
"Term 4","Week 39","Mathematics","Sector Graphs (Pie Graphs)",NULL,NULL
"Term 3","Week 22","English","May, Might, and Must","a",NULL
"Term 3","Week 22","English","Ought to, Need, Dare, and Used to","a",NULL
"Term 4","Week 40","Mathematics","2-Way Tables","a","<div style=""padding:56.25% 0 0 0;position:relative;""><iframe src=""https://player.vimeo.com/video/1142008883?h=bc54c1518e&amp;badge=0&amp;autopause=0&amp;player_id=0&amp;app_id=58479"" frameborder=""0"" allow=""autoplay; fullscreen; picture-in-picture; clipboard-write; encrypted-media; web-share"" referrerpolicy=""strict-origin-when-cross-origin"" style=""position:absolute;top:0;left:0;width:100%;height:100%;"" title=""2-WAY TABLES FULL""></iframe></div><script src=""https://player.vimeo.com/api/player.js""></script>"
"Term 4","Week 40","Mathematics","Side by Side Column Graphs","a","<div style=""padding:56.25% 0 0 0;position:relative;""><iframe src=""https://player.vimeo.com/video/1142007818?h=828fb33312&amp;badge=0&amp;autopause=0&amp;player_id=0&amp;app_id=58479"" frameborder=""0"" allow=""autoplay; fullscreen; picture-in-picture; clipboard-write; encrypted-media; web-share"" referrerpolicy=""strict-origin-when-cross-origin"" style=""position:absolute;top:0;left:0;width:100%;height:100%;"" title=""SIDE BY SIDE COLUMN GRAPH FULL""></iframe></div><script src=""https://player.vimeo.com/api/player.js""></script>"
"Term 2","Week 17","English","Prefixes and Suffixes","A","<div style=""padding:56.25% 0 0 0;position:relative;""><iframe src=""https://player.vimeo.com/video/1143048695?h=078bc103a5&amp;badge=0&amp;autopause=0&amp;player_id=0&amp;app_id=58479"" frameborder=""0"" allow=""autoplay; fullscreen; picture-in-picture; clipboard-write; encrypted-media; web-share"" referrerpolicy=""strict-origin-when-cross-origin"" style=""position:absolute;top:0;left:0;width:100%;height:100%;"" title=""Prefixes and Suffixes Y3""></iframe></div><script src=""https://player.vimeo.com/api/player.js""></script>"
"Term 1","Week 5","Mathematics","Comparing Fractions",NULL,NULL
"Term 1","Week 5","Mathematics","Mixed Numerals to Improper Fractions",NULL,NULL
"Term 1","Week 5","Mathematics","Improper Fractions to Mixed Numerals",NULL,NULL
"Term 1","Week 5","Mathematics","Addition with Equal Denominators","a","<div style=""padding:56.25% 0 0 0;position:relative;""><iframe src=""https://player.vimeo.com/video/1141972578?h=c1d5a6de44&amp;badge=0&amp;autopause=0&amp;player_id=0&amp;app_id=58479"" frameborder=""0"" allow=""autoplay; fullscreen; picture-in-picture; clipboard-write; encrypted-media; web-share"" referrerpolicy=""strict-origin-when-cross-origin"" style=""position:absolute;top:0;left:0;width:100%;height:100%;"" title=""Addition with Equal Denominators Y6 Week 11""></iframe></div><script src=""https://player.vimeo.com/api/player.js""></script>"
"Term 1","Week 5","Mathematics","Subtraction with Equal Denominators","a","<div style=""padding:56.25% 0 0 0;position:relative;""><iframe src=""https://player.vimeo.com/video/1141972935?h=f5e1ee1c1a&amp;badge=0&amp;autopause=0&amp;player_id=0&amp;app_id=58479"" frameborder=""0"" allow=""autoplay; fullscreen; picture-in-picture; clipboard-write; encrypted-media; web-share"" referrerpolicy=""strict-origin-when-cross-origin"" style=""position:absolute;top:0;left:0;width:100%;height:100%;"" title=""Subtraction with Equal Denominators Y4 Week 12""></iframe></div><script src=""https://player.vimeo.com/api/player.js""></script>"
"Term 2","Week 18","English","Synonyms and Antonyms","A","<div style=""padding:56.25% 0 0 0;position:relative;""><iframe src=""https://player.vimeo.com/video/1143048169?h=6811e67e1a&amp;badge=0&amp;autopause=0&amp;player_id=0&amp;app_id=58479"" frameborder=""0"" allow=""autoplay; fullscreen; picture-in-picture; clipboard-write; encrypted-media; web-share"" referrerpolicy=""strict-origin-when-cross-origin"" style=""position:absolute;top:0;left:0;width:100%;height:100%;"" title=""Synonyms and Antonyms Y3""></iframe></div><script src=""https://player.vimeo.com/api/player.js""></script>"
"Term 2","Week 15","Mathematics","Percentages of Quantities",NULL,NULL
"Term 2","Week 15","Mathematics","Quantities as Percentages of Others (calculator)",NULL,NULL
"Term 2","Week 15","Mathematics","Describing Patterns","a","<div style=""padding:56.25% 0 0 0;position:relative;""><iframe src=""https://player.vimeo.com/video/1141843897?h=bb1599dee9&amp;badge=0&amp;autopause=0&amp;player_id=0&amp;app_id=58479"" frameborder=""0"" allow=""autoplay; fullscreen; picture-in-picture; clipboard-write; encrypted-media; web-share"" referrerpolicy=""strict-origin-when-cross-origin"" style=""position:absolute;top:0;left:0;width:100%;height:100%;"" title=""DESCRIBING PATTERNS FULL""></iframe></div><script src=""https://player.vimeo.com/api/player.js""></script>"
"Term 2","Week 15","Mathematics","Geometric Patterns","a","<div style=""padding:56.25% 0 0 0;position:relative;""><iframe src=""https://player.vimeo.com/video/1141843219?h=d83fc4fcca&amp;badge=0&amp;autopause=0&amp;player_id=0&amp;app_id=58479"" frameborder=""0"" allow=""autoplay; fullscreen; picture-in-picture; clipboard-write; encrypted-media; web-share"" referrerpolicy=""strict-origin-when-cross-origin"" style=""position:absolute;top:0;left:0;width:100%;height:100%;"" title=""GEOMETRIC PATTERNS FULL""></iframe></div><script src=""https://player.vimeo.com/api/player.js""></script>"
"Term 1","Week 9","English","Subject-Verb Agreement","a","<div style=""padding:56.25% 0 0 0;position:relative;""><iframe src=""https://player.vimeo.com/video/1143047682?h=55c6565839&amp;badge=0&amp;autopause=0&amp;player_id=0&amp;app_id=58479"" frameborder=""0"" allow=""autoplay; fullscreen; picture-in-picture; clipboard-write; encrypted-media; web-share"" referrerpolicy=""strict-origin-when-cross-origin"" style=""position:absolute;top:0;left:0;width:100%;height:100%;"" title=""Subject Verb Agreement Y3 (1)""></iframe></div><script src=""https://player.vimeo.com/api/player.js""></script>"
"Term 1","Week 9","English","Pronoun-Antecedent Agreement","w",NULL
"Term 2","Week 16","Mathematics","The Use of Letters in Algebra",NULL,NULL
"Term 2","Week 16","Mathematics","Writing algebraic expressions to represent real-world situations (Generalised Arithmetic)",NULL,NULL
"Term 2","Week 16","Mathematics","Evaluation of Algebraic Expressions (Substitution 1)",NULL,NULL
"Term 2","Week 16","Mathematics","Evaluation of Algebraic Expressions (Substitution 2)",NULL,NULL
"Term 2","Week 17","Mathematics","Completing Number Patterns 1",NULL,NULL
"Term 2","Week 17","Mathematics","Completing Number Patterns 2",NULL,NULL
"Term 2","Week 17","Mathematics","Identifying Number Patterns 1",NULL,NULL
"Term 2","Week 17","Mathematics","Identifying Number Patterns 2",NULL,NULL
"Term 2","Week 17","Mathematics","Identifying Number Patterns 3",NULL,NULL
"Term 1","Week 10","English","REVISION- I","a",NULL
"Term 2","Week 18","Mathematics","Like and unlike terms",NULL,NULL
"Term 2","Week 18","Mathematics","Addition and subtraction of linear algebraic expressions (Addition and Subtraction)",NULL,NULL
"Term 2","Week 18","Mathematics","Exponential notation (Multiplication)",NULL,NULL
"Term 1","Week 2","English","Narrative Writing","z",NULL
"Term 2","Week 20","English","Revision II","a",NULL
"Term 2","Week 19","Mathematics","Division",NULL,NULL
"Term 2","Week 19","Mathematics","Distributive law (Grouping Symbols)",NULL,NULL
"Term 2","Week 19","Mathematics","Simplification of linear algebraic expressions",NULL,NULL
"Term 2","Week 20","Mathematics","Identifying Plotted Points",NULL,NULL
"Term 2","Week 20","Mathematics","Plotting Points","a","<div style=""padding:56.25% 0 0 0;position:relative;""><iframe src=""https://player.vimeo.com/video/1141835529?h=6a3c53c9c3&amp;badge=0&amp;autopause=0&amp;player_id=0&amp;app_id=58479"" frameborder=""0"" allow=""autoplay; fullscreen; picture-in-picture; clipboard-write; encrypted-media; web-share"" referrerpolicy=""strict-origin-when-cross-origin"" style=""position:absolute;top:0;left:0;width:100%;height:100%;"" title=""Plotting points""></iframe></div><script src=""https://player.vimeo.com/api/player.js""></script>"
"Term 2","Week 20","Mathematics","Algorithms and Programming Language",NULL,NULL
"Term 2","Week 20","Mathematics","Understanding Equations",NULL,NULL
"Term 3","Week 21","Mathematics","Simple linear equations in one variable (One-Step Equations Involving Addition and Subtraction)",NULL,NULL
"Term 3","Week 21","Mathematics","One-Step Equations Involving Division","a","<div style=""padding:56.25% 0 0 0;position:relative;""><iframe src=""https://player.vimeo.com/video/1148566709?h=69b9271909&amp;badge=0&amp;autopause=0&amp;player_id=0&amp;app_id=58479"" frameborder=""0"" allow=""autoplay; fullscreen; picture-in-picture; clipboard-write; encrypted-media; web-share"" referrerpolicy=""strict-origin-when-cross-origin"" style=""position:absolute;top:0;left:0;width:100%;height:100%;"" title=""One-Step Equations Involving Division""></iframe></div><script src=""https://player.vimeo.com/api/player.js""></script>"
"Term 3","Week 21","Mathematics","One-Step Equations Involving Multiplication","a","<div style=""padding:56.25% 0 0 0;position:relative;""><iframe src=""https://player.vimeo.com/video/1148565521?h=2901db5c96&amp;badge=0&amp;autopause=0&amp;player_id=0&amp;app_id=58479"" frameborder=""0"" allow=""autoplay; fullscreen; picture-in-picture; clipboard-write; encrypted-media; web-share"" referrerpolicy=""strict-origin-when-cross-origin"" style=""position:absolute;top:0;left:0;width:100%;height:100%;"" title=""One step equations involving multiplication""></iframe></div><script src=""https://player.vimeo.com/api/player.js""></script>"
"Term 3","Week 21","Mathematics","Two-Step Equations","a","<div style=""padding:56.25% 0 0 0;position:relative;""><iframe src=""https://player.vimeo.com/video/1148466648?h=74cc8a2b47&amp;badge=0&amp;autopause=0&amp;player_id=0&amp;app_id=58479"" frameborder=""0"" allow=""autoplay; fullscreen; picture-in-picture; clipboard-write; encrypted-media; web-share"" referrerpolicy=""strict-origin-when-cross-origin"" style=""position:absolute;top:0;left:0;width:100%;height:100%;"" title=""Two Step Equations""></iframe></div><script src=""https://player.vimeo.com/api/player.js""></script>"
"Term 3","Week 23","English","Greek and Latin Roots","a",NULL
"Term 3","Week 23","English","Homophones and Homographs","a",NULL
"Term 3","Week 22","Mathematics","Equations involving parentheses",NULL,NULL
"Term 3","Week 22","Mathematics","Forming linear equations to solve problems",NULL,NULL
"Term 3","Week 22","Mathematics","Problem solving of linear equations",NULL,NULL
"Term 3","Week 22","Mathematics","The Axis of Symmetry",NULL,NULL
"Term 3","Week 23","Mathematics","Transformations: Reflections",NULL,NULL
"Term 3","Week 23","Mathematics","Transformations: Rotations",NULL,NULL
"Term 3","Week 23","Mathematics","Transformations: Translations",NULL,NULL
"Term 3","Week 23","Mathematics","Rotational Symmetry","s","<div style=""padding:56.25% 0 0 0;position:relative;""><iframe src=""https://player.vimeo.com/video/1148463813?h=a059a20b2a&amp;badge=0&amp;autopause=0&amp;player_id=0&amp;app_id=58479"" frameborder=""0"" allow=""autoplay; fullscreen; picture-in-picture; clipboard-write; encrypted-media; web-share"" referrerpolicy=""strict-origin-when-cross-origin"" style=""position:absolute;top:0;left:0;width:100%;height:100%;"" title=""Rotational Symmetry""></iframe></div><script src=""https://player.vimeo.com/api/player.js""></script>"
"Term 3","Week 24","Mathematics","Simplifying Ratios 1",NULL,NULL
"Term 3","Week 24","Mathematics","Simplifying Ratios 2",NULL,NULL
"Term 3","Week 24","Mathematics","Finding ratios",NULL,NULL
"Term 3","Week 25","Mathematics","Equivalent Ratios",NULL,NULL
"Term 3","Week 25","Mathematics","Problem-solving involving ratios (Problem questions)",NULL,NULL
"Term 3","Week 25","Mathematics","Ratios involving rational numbers (Dividing Quantities in a Given Ratio)",NULL,NULL
"Term 3","Week 24","English","Related Words",NULL,NULL
"Term 3","Week 24","English","Positive and Negative Connotation",NULL,NULL
"Term 1","Week 2","English","Simple Subject and Simple Predicate",NULL,NULL
"Term 1","Week 2","English","Complete Subject and Complete Predicate",NULL,NULL
"Term 3","Week 26","Mathematics","Types of Triangles","q","<div style=""padding:56.25% 0 0 0;position:relative;""><iframe src=""https://player.vimeo.com/video/1148459444?h=2d80fb08cb&amp;badge=0&amp;autopause=0&amp;player_id=0&amp;app_id=58479"" frameborder=""0"" allow=""autoplay; fullscreen; picture-in-picture; clipboard-write; encrypted-media; web-share"" referrerpolicy=""strict-origin-when-cross-origin"" style=""position:absolute;top:0;left:0;width:100%;height:100%;"" title=""Types of Triangles Y5""></iframe></div><script src=""https://player.vimeo.com/api/player.js""></script>"
"Term 3","Week 26","Mathematics","Angle Sum of a Triangle",NULL,NULL
"Term 3","Week 26","Mathematics","Travel Graphs",NULL,NULL
"Term 3","Week 26","Mathematics","Best Buys",NULL,NULL
"Term 3","Week 26","Mathematics","Exterior Angle of a Triangle",NULL,NULL
"Term 1","Week 1","English","Types of Sentences",NULL,NULL
"Term 3","Week 27","Mathematics","Length Conversions 2","a","<div style=""padding:56.25% 0 0 0;position:relative;""><iframe src=""https://player.vimeo.com/video/1148452070?h=0007de9c7e&amp;badge=0&amp;autopause=0&amp;player_id=0&amp;app_id=58479"" frameborder=""0"" allow=""autoplay; fullscreen; picture-in-picture; clipboard-write; encrypted-media; web-share"" referrerpolicy=""strict-origin-when-cross-origin"" style=""position:absolute;top:0;left:0;width:100%;height:100%;"" title=""LENGTH CONVERSIONS 2 FULL""></iframe></div><script src=""https://player.vimeo.com/api/player.js""></script>"
"Term 3","Week 27","Mathematics","Types of Quadrilaterals","a","<div style=""padding:56.25% 0 0 0;position:relative;""><iframe src=""https://player.vimeo.com/video/1148450622?h=35239cdc1b&amp;badge=0&amp;autopause=0&amp;player_id=0&amp;app_id=58479"" frameborder=""0"" allow=""autoplay; fullscreen; picture-in-picture; clipboard-write; encrypted-media; web-share"" referrerpolicy=""strict-origin-when-cross-origin"" style=""position:absolute;top:0;left:0;width:100%;height:100%;"" title=""Types of Quadrilateral Y5""></iframe></div><script src=""https://player.vimeo.com/api/player.js""></script>"
"Term 3","Week 27","Mathematics","Angle Sum of a Quadrilateral","a","<div style=""padding:50.99% 0 0 0;position:relative;""><iframe src=""https://player.vimeo.com/video/1148450263?h=ac0a1fca93&amp;badge=0&amp;autopause=0&amp;player_id=0&amp;app_id=58479"" frameborder=""0"" allow=""autoplay; fullscreen; picture-in-picture; clipboard-write; encrypted-media; web-share"" referrerpolicy=""strict-origin-when-cross-origin"" style=""position:absolute;top:0;left:0;width:100%;height:100%;"" title=""1 -Angle Sum Property – Triangle And Quadrilateral""></iframe></div><script src=""https://player.vimeo.com/api/player.js""></script>"
"Term 3","Week 27","Mathematics","Length Conversions 1","a","<div style=""padding:50.99% 0 0 0;position:relative;""><iframe src=""https://player.vimeo.com/video/1148449621?h=80a8b08077&amp;badge=0&amp;autopause=0&amp;player_id=0&amp;app_id=58479"" frameborder=""0"" allow=""autoplay; fullscreen; picture-in-picture; clipboard-write; encrypted-media; web-share"" referrerpolicy=""strict-origin-when-cross-origin"" style=""position:absolute;top:0;left:0;width:100%;height:100%;"" title=""1 - Length Conversions""></iframe></div><script src=""https://player.vimeo.com/api/player.js""></script>"
"Term 3","Week 28","Mathematics","Language of Chance","a","<div style=""padding:56.25% 0 0 0;position:relative;""><iframe src=""https://player.vimeo.com/video/1148449105?h=8da1e2984e&amp;badge=0&amp;autopause=0&amp;player_id=0&amp;app_id=58479"" frameborder=""0"" allow=""autoplay; fullscreen; picture-in-picture; clipboard-write; encrypted-media; web-share"" referrerpolicy=""strict-origin-when-cross-origin"" style=""position:absolute;top:0;left:0;width:100%;height:100%;"" title=""Language of Chance""></iframe></div><script src=""https://player.vimeo.com/api/player.js""></script>"
"Term 3","Week 28","Mathematics","Probability Basics","a","<div style=""padding:56.25% 0 0 0;position:relative;""><iframe src=""https://player.vimeo.com/video/1148447571?h=0978fd9c41&amp;badge=0&amp;autopause=0&amp;player_id=0&amp;app_id=58479"" frameborder=""0"" allow=""autoplay; fullscreen; picture-in-picture; clipboard-write; encrypted-media; web-share"" referrerpolicy=""strict-origin-when-cross-origin"" style=""position:absolute;top:0;left:0;width:100%;height:100%;"" title=""Probability Basics Y5 Week 40""></iframe></div><script src=""https://player.vimeo.com/api/player.js""></script>"
"Term 3","Week 28","Mathematics","Perimeter 1","a","<div style=""padding:56.25% 0 0 0;position:relative;""><iframe src=""https://player.vimeo.com/video/1148446448?h=3e12952c10&amp;badge=0&amp;autopause=0&amp;player_id=0&amp;app_id=58479"" frameborder=""0"" allow=""autoplay; fullscreen; picture-in-picture; clipboard-write; encrypted-media; web-share"" referrerpolicy=""strict-origin-when-cross-origin"" style=""position:absolute;top:0;left:0;width:100%;height:100%;"" title=""Perimeter Y5""></iframe></div><script src=""https://player.vimeo.com/api/player.js""></script>"
"Term 3","Week 28","Mathematics","Perimeter 2",NULL,NULL
"Term 3","Week 29","Mathematics","Chance Experiments","a","<div style=""padding:56.25% 0 0 0;position:relative;""><iframe src=""https://player.vimeo.com/video/1148445042?h=bc2fe0078b&amp;badge=0&amp;autopause=0&amp;player_id=0&amp;app_id=58479"" frameborder=""0"" allow=""autoplay; fullscreen; picture-in-picture; clipboard-write; encrypted-media; web-share"" referrerpolicy=""strict-origin-when-cross-origin"" style=""position:absolute;top:0;left:0;width:100%;height:100%;"" title=""Chance Experiments""></iframe></div><script src=""https://player.vimeo.com/api/player.js""></script>"
"Term 3","Week 29","Mathematics","Averages 1",NULL,NULL
"Term 3","Week 29","Mathematics","Averages 2",NULL,NULL
"Term 1","Week 3","English","Complete Sentences",NULL,NULL
"Term 1","Week 3","English","Fragments and Run-ons",NULL,NULL
"Term 3","Week 29","Mathematics","Experimental Probability",NULL,NULL
"Term 1","Week 5","English","Phrases and Clauses",NULL,NULL
"Term 1","Week 5","English","Appositives and Appositive Phrases",NULL,NULL
"Term 3","Week 30","Mathematics","The Range and the Mode",NULL,NULL
"Term 3","Week 30","Mathematics","The Median",NULL,NULL
"Term 3","Week 30","Mathematics","The Mean",NULL,NULL
"Term 3","Week 30","Mathematics","Finding the Mean from a Table",NULL,NULL
"Term 3","Week 30","Mathematics","Finding the Median from a Table",NULL,NULL
"Term 1","Week 4","English","Subject and Object Personal Pronouns","a",NULL
"Term 1","Week 4","English","Possessive Pronouns and Reflexive Pronouns","a",NULL
"Term 4","Week 31","Mathematics","Area of Rectangles and Squares","a","<div style=""padding:56.25% 0 0 0;position:relative;""><iframe src=""https://player.vimeo.com/video/1148436896?h=abda979440&amp;badge=0&amp;autopause=0&amp;player_id=0&amp;app_id=58479"" frameborder=""0"" allow=""autoplay; fullscreen; picture-in-picture; clipboard-write; encrypted-media; web-share"" referrerpolicy=""strict-origin-when-cross-origin"" style=""position:absolute;top:0;left:0;width:100%;height:100%;"" title=""Area of Squares and Rectangles Y5""></iframe></div><script src=""https://player.vimeo.com/api/player.js""></script>"
"Term 4","Week 31","Mathematics","Area of a triangle 1",NULL,NULL
"Term 4","Week 31","Mathematics","Area of a triangle 2",NULL,NULL
"Term 1","Week 8","English","Main Verbs and Helping Verbs",NULL,NULL
"Term 1","Week 8","English","Transitive and Intransitive Verbs","a","<div style=""padding:56.25% 0 0 0;position:relative;""><iframe src=""https://player.vimeo.com/video/1148586691?h=9aee925adf&amp;badge=0&amp;autopause=0&amp;player_id=0&amp;app_id=58479"" frameborder=""0"" allow=""autoplay; fullscreen; picture-in-picture; clipboard-write; encrypted-media; web-share"" referrerpolicy=""strict-origin-when-cross-origin"" style=""position:absolute;top:0;left:0;width:100%;height:100%;"" title=""Transitive and Intransitive Verbs Y3""></iframe></div><script src=""https://player.vimeo.com/api/player.js""></script>"
"Term 4","Week 32","Mathematics","Area of Composite Shapes 1",NULL,NULL
"Term 4","Week 32","Mathematics","Area of Composite Shapes 2",NULL,NULL
"Term 4","Week 32","Mathematics","Area of Parallelograms",NULL,NULL
"Term 4","Week 33","Mathematics","Volume of Rectangular Prisms",NULL,NULL
"Term 4","Week 33","Mathematics","Solids",NULL,NULL
"Term 4","Week 33","Mathematics","Top, Front and Side Views","a","<div style=""padding:56.25% 0 0 0;position:relative;""><iframe src=""https://player.vimeo.com/video/1141789686?h=0c51bfa2b0&amp;badge=0&amp;autopause=0&amp;player_id=0&amp;app_id=58479%2Fembed"" allow=""autoplay; fullscreen; picture-in-picture"" allowfullscreen="""" frameborder=""0"" style=""position:absolute;top:0;left:0;width:100%;height:100%;""></iframe></div>"
"Term 1","Week 9","English","Subject-Verb Agreement","a","<div style=""padding:56.25% 0 0 0;position:relative;""><iframe src=""https://player.vimeo.com/video/1142992394?h=12ec77a02f&amp;badge=0&amp;autopause=0&amp;player_id=0&amp;app_id=58479"" frameborder=""0"" allow=""autoplay; fullscreen; picture-in-picture; clipboard-write; encrypted-media; web-share"" referrerpolicy=""strict-origin-when-cross-origin"" style=""position:absolute;top:0;left:0;width:100%;height:100%;"" title=""Subject Verb Agreement Y3""></iframe></div><script src=""https://player.vimeo.com/api/player.js""></script>"
"Term 1","Week 9","English","Pronoun-Antecedent Agreement",NULL,NULL
"Term 1","Week 6","English","Simple and Compound Sentences","a","<div style=""padding:56.25% 0 0 0;position:relative;""><iframe src=""https://player.vimeo.com/video/1143064168?h=a041f4b015&amp;badge=0&amp;autopause=0&amp;player_id=0&amp;app_id=58479"" frameborder=""0"" allow=""autoplay; fullscreen; picture-in-picture; clipboard-write; encrypted-media; web-share"" referrerpolicy=""strict-origin-when-cross-origin"" style=""position:absolute;top:0;left:0;width:100%;height:100%;"" title=""Simple and Compound Sentences Y3""></iframe></div><script src=""https://player.vimeo.com/api/player.js""></script>"
"Term 1","Week 6","English","Compound Subjects and Compound Predicates",NULL,NULL
"Term 1","Week 7","English","Independent and Dependent Clauses",NULL,NULL
"Term 1","Week 7","English","Coordinating and Subordinating Conjunctions",NULL,NULL
"Term 2","Week 11","English","Verb Tense: Present","a","<div style=""padding:56.25% 0 0 0;position:relative;""><iframe src=""https://player.vimeo.com/video/1122696891?h=818282f482&amp;badge=0&amp;autopause=0&amp;player_id=0&amp;app_id=58479"" frameborder=""0"" allow=""autoplay; fullscreen; picture-in-picture; clipboard-write; encrypted-media; web-share"" referrerpolicy=""strict-origin-when-cross-origin"" style=""position:absolute;top:0;left:0;width:100%;height:100%;"" title=""Verb Tense – Present""></iframe></div><script src=""https://player.vimeo.com/api/player.js""></script>"
"Term 2","Week 11","English","Verb Tense: Past",NULL,NULL
"Term 4","Week 34","Mathematics","Nets of Solid Shapes","a","<div style=""padding:75% 0 0 0;position:relative;""><iframe src=""https://player.vimeo.com/video/1148420088?h=3f34a8b554&amp;badge=0&amp;autopause=0&amp;player_id=0&amp;app_id=58479"" frameborder=""0"" allow=""autoplay; fullscreen; picture-in-picture; clipboard-write; encrypted-media; web-share"" referrerpolicy=""strict-origin-when-cross-origin"" style=""position:absolute;top:0;left:0;width:100%;height:100%;"" title=""Nets Of Solid Shapes - Yr 7 - Week 34""></iframe></div><script src=""https://player.vimeo.com/api/player.js""></script>"
"Term 4","Week 34","Mathematics","Types of Data",NULL,NULL
"Term 4","Week 34","Mathematics","mass","a","<div style=""padding:56.25% 0 0 0;position:relative;""><iframe src=""https://player.vimeo.com/video/1148419715?h=53f88fb424&amp;badge=0&amp;autopause=0&amp;player_id=0&amp;app_id=58479"" frameborder=""0"" allow=""autoplay; fullscreen; picture-in-picture; clipboard-write; encrypted-media; web-share"" referrerpolicy=""strict-origin-when-cross-origin"" style=""position:absolute;top:0;left:0;width:100%;height:100%;"" title=""MASS CONVERSIONS FULL""></iframe></div><script src=""https://player.vimeo.com/api/player.js""></script>"
"Term 4","Week 35","Mathematics","Column Graphs","a","<div style=""padding:56.25% 0 0 0;position:relative;""><iframe src=""https://player.vimeo.com/video/1148564655?h=b40c070f54&amp;badge=0&amp;autopause=0&amp;player_id=0&amp;app_id=58479"" frameborder=""0"" allow=""autoplay; fullscreen; picture-in-picture; clipboard-write; encrypted-media; web-share"" referrerpolicy=""strict-origin-when-cross-origin"" style=""position:absolute;top:0;left:0;width:100%;height:100%;"" title=""Column Graph""></iframe></div><script src=""https://player.vimeo.com/api/player.js""></script>"
"Term 4","Week 35","Mathematics","Dot Plots","a","<div style=""padding:56.25% 0 0 0;position:relative;""><iframe src=""https://player.vimeo.com/video/1148564398?h=422f78cc8d&amp;badge=0&amp;autopause=0&amp;player_id=0&amp;app_id=58479"" frameborder=""0"" allow=""autoplay; fullscreen; picture-in-picture; clipboard-write; encrypted-media; web-share"" referrerpolicy=""strict-origin-when-cross-origin"" style=""position:absolute;top:0;left:0;width:100%;height:100%;"" title=""Dot Plots""></iframe></div><script src=""https://player.vimeo.com/api/player.js""></script>"
"Term 4","Week 35","Mathematics","Stem-and-Leaf Plots","a","<div style=""padding:56.25% 0 0 0;position:relative;""><iframe src=""https://player.vimeo.com/video/1148564159?h=425a78f887&amp;badge=0&amp;autopause=0&amp;player_id=0&amp;app_id=58479"" frameborder=""0"" allow=""autoplay; fullscreen; picture-in-picture; clipboard-write; encrypted-media; web-share"" referrerpolicy=""strict-origin-when-cross-origin"" style=""position:absolute;top:0;left:0;width:100%;height:100%;"" title=""Stem &amp; Leaf Plot""></iframe></div><script src=""https://player.vimeo.com/api/player.js""></script>"
"Term 2","Week 12","English","Verb Tense: Future",NULL,NULL
"Term 2","Week 12","English","Progressive Verb Tenses",NULL,NULL
"Term 2","Week 12","English","Progressive Verb Tenses",NULL,NULL
"Term 2","Week 12","English","Perfect Verb Tenses",NULL,NULL
"Term 4","Week 36","Mathematics","Frequency Histograms and Polygons",NULL,NULL
"Term 4","Week 36","Mathematics","Divided Bar Graphs",NULL,NULL
"Term 4","Week 36","Mathematics","Frequency Distribution Tables",NULL,NULL
"Term 2","Week 13","English","Types of Adjectives",NULL,NULL
"Term 2","Week 13","English","Degrees of Adjectives",NULL,NULL
"Term 4","Week 37","Mathematics","Pie Graphs",NULL,NULL
"Term 4","Week 37","Mathematics","Line Graphs",NULL,NULL
"Term 4","Week 37","Mathematics","Step Graphs",NULL,NULL
"Term 4","Week 37","Mathematics","Domain and Range",NULL,NULL
"Term 2","Week 14","English","Types of Adverbs",NULL,NULL
"Term 2","Week 14","English","Degrees of Adverbs",NULL,NULL
"Term 4","Week 38","Mathematics","Simpler Number Problems",NULL,NULL
"Term 4","Week 38","Mathematics","The Unitary Method",NULL,NULL
"Term 4","Week 38","Mathematics","Guess and Check",NULL,NULL
"Term 2","Week 15","English","Prepositions",NULL,NULL
"Term 2","Week 15","English","Objects of Prepositions",NULL,NULL
"Term 2","Week 15","English","Prepositional Phrases",NULL,NULL
"Term 4","Week 39","Mathematics","Using a Diagram",NULL,NULL
"Term 4","Week 39","Mathematics","Making a List",NULL,NULL
"Term 4","Week 39","Mathematics","Looking for Patterns",NULL,NULL
"Term 4","Week 40","Mathematics","Solving a Simpler Problem First",NULL,NULL
"Term 4","Week 40","Mathematics","Acting It Out",NULL,NULL
"Term 4","Week 40","Mathematics","Eliminating Possibilities",NULL,NULL
"Term 4","Week 40","Mathematics","Working Backwards",NULL,NULL
"Term 4","Week 38","Mathematics","Area of Rhombuses and Kites",NULL,NULL
"Term 4","Week 38","Mathematics","Area of Trapeziums",NULL,NULL
"Term 4","Week 40","Mathematics","Capacity",NULL,NULL
"Term 4","Week 40","Mathematics","Composite Prisms",NULL,NULL
"Term 4","Week 39","Mathematics","Volume of Prisms",NULL,NULL
"Term 4","Week 39","Mathematics","Units of Volume and Capacity","a",NULL
"Term 2","Week 19","Mathematics","Introduction to Volume",NULL,NULL
"Term 2","Week 19","Mathematics","Finding Volume","i",NULL
"Term 4","Week 36","Mathematics","Area of a Circle",NULL,NULL
"Term 4","Week 36","Mathematics","Area of a Sector",NULL,NULL
"Term 2","Week 20","Mathematics","The Cubic Centimetre",NULL,NULL
"Term 2","Week 20","Mathematics","Volume, Capacity and Mass",NULL,NULL
"Term 2","Week 20","Mathematics","Comparing containers with 1 litre",NULL,NULL
"Term 1","Week 9","Mathematics","Multiplying by 10, 100, and 1000",NULL,NULL
"Term 1","Week 9","Mathematics","Measuring Angles",NULL,NULL
"Term 2","Week 14","Mathematics","Multiplying by 10, 100, 1000","a",NULL
"Term 2","Week 14","Mathematics","Multiplying by a multiple of 10",NULL,NULL
"Term 2","Week 14","Mathematics","Multiplying by a Multiple of 100",NULL,NULL
"Term 2","Week 14","Mathematics","Multiplication of Large Numbers",NULL,NULL
"Term 2","Week 15","Mathematics","Multiplying by a 1-digit number",NULL,NULL
"Term 2","Week 15","Mathematics","Multiplying by a 2-digit number",NULL,NULL
"Term 2","Week 15","Mathematics","Problems Involving Multiplication",NULL,NULL
"Term 1","Week 10","Mathematics","Estimating Angles",NULL,NULL
"Term 1","Week 10","Mathematics","Constructing Angles",NULL,NULL
"Term 2","Week 16","Mathematics","Plane shapes",NULL,NULL
"Term 2","Week 16","Mathematics","Plane shapes",NULL,NULL
"Term 2","Week 16","Mathematics","Geometric properties of shapes",NULL,NULL
"Term 2","Week 19","Mathematics","Subtraction from One Whole",NULL,NULL
"Term 2","Week 19","Mathematics","Subtraction from a Whole Number",NULL,NULL
"Term 2","Week 17","Mathematics","Tesselating Patterns",NULL,NULL
"Term 2","Week 17","Mathematics","Line symmetry",NULL,NULL
"Term 2","Week 17","Mathematics","Rotational symmetry",NULL,NULL
"Term 2","Week 20","Mathematics","Adding and Subtraction Unlike Fractions",NULL,NULL
"Term 2","Week 20","Mathematics","Adding and Subtracting Mixed Fractions",NULL,NULL
"Term 4","Week 38","Mathematics","Introduction to Area",NULL,NULL
"Term 4","Week 38","Mathematics","Measuring Small Areas",NULL,NULL
"Term 4","Week 38","Mathematics","Measuring Large Areas",NULL,NULL
"Term 4","Week 33","Mathematics","Adding fractions","a",NULL
"Term 4","Week 33","Mathematics","Subtracting fractions","a",NULL
"Term 4","Week 33","Mathematics","Multiplication of fractions","a",NULL
"Term 2","Week 16","English","Direct Objects and Indirect Objects",NULL,NULL
"Term 2","Week 16","English","Conjunctions",NULL,NULL
"Term 2","Week 18","Mathematics","Addition of Fractions (Like Fractions)",NULL,NULL
"Term 2","Week 18","Mathematics","Subtraction of Fractions (Like Fractions)",NULL,NULL
"Term 2","Week 18","Mathematics","Equivalent Fractions",NULL,NULL
"Term 3","Week 22","Mathematics","Introduction to Percentage",NULL,NULL
"Term 3","Week 22","Mathematics","Decimals Past Hundredths",NULL,NULL
"Term 2","Week 17","English","Restrictive and Non-Restrictive Elements",NULL,NULL
"Term 3","Week 29","Mathematics","Types of Triangles",NULL,NULL
"Term 2","Week 18","English","Semicolons, Colons and Commas",NULL,NULL
"Term 2","Week 18","English","Dashes, Hyphens and Ellipses",NULL,NULL
"Term 1","Week 10","English","Revision-I",NULL,NULL
"Term 4","Week 39","English","Vowels and Consonants",NULL,NULL
"Term 4","Week 40","English","Revision - iv",NULL,NULL
"Term 3","Week 28","English","Pronoun-Verb Agreement",NULL,NULL
"Term 3","Week 28","English","Compound Subjects with Pronouns",NULL,NULL
"Term 2","Week 20","English","REVISION II",NULL,NULL
"Term 3","Week 29","English","Relative Pronouns and Relative Adverbs",NULL,NULL
"Term 4","Week 32","English","Collective Nouns",NULL,NULL
"Term 4","Week 32","English","Count/Non-count Nouns",NULL,NULL
"Term 3","Week 30","English","REVISION III",NULL,NULL
"Term 4","Week 33","English","Personal, Possessive and Reflexive Pronouns",NULL,NULL
"Term 4","Week 33","English","Pronoun-Verb Contractions",NULL,NULL
"Term 4","Week 38","English","Alphabetical Ordering",NULL,NULL
"Term 4","Week 35","English","Direct and Indirect Speech",NULL,NULL
"Term 4","Week 35","English","Active and Passive Voice",NULL,NULL
"Term 4","Week 34","English","Modal Verbs: Will, Shall, Can",NULL,NULL
"Term 4","Week 34","English","Modal Verbs: Would, Should, Could",NULL,NULL
"Term 4","Week 40","English","Revision IV",NULL,NULL
"Term 4","Week 36","English","Similes and Metaphors",NULL,NULL
"Term 4","Week 36","English","Idiomatic Expressions",NULL,NULL
"Term 4","Week 31","English","Prefixes and Suffixes",NULL,NULL
"Term 4","Week 37","English","Word Grouping",NULL,NULL
"Term 4","Week 39","English","Vowels and Consonants",NULL,NULL
"Term 2","Week 12","English","Present Progressive Tense",NULL,NULL
"Term 2","Week 12","English","Past Progressive Tense",NULL,NULL
"Term 2","Week 12","English","Future Progressive Tense",NULL,NULL
"Term 1","Week 9","English","Linking Verbs",NULL,NULL
"Term 1","Week 9","English","Predicate Adjectives and Predicate Nouns",NULL,NULL
"Term 2","Week 11","English","Simple Present",NULL,NULL
"Term 2","Week 11","English","Simple Past",NULL,NULL
"Term 2","Week 11","English","Simple Future Tenses",NULL,NULL
"Term 2","Week 14","English","Subject-Verb Agreement",NULL,NULL
"Term 2","Week 14","English","Pronoun-Verb Agreement",NULL,NULL
"Term 2","Week 13","English","Present Perfect Tense",NULL,NULL
"Term 2","Week 13","English","Past Perfect Tense",NULL,NULL
"Term 2","Week 15","English","Articles",NULL,NULL
"Term 2","Week 14","English","Subject-Verb Agreement",NULL,NULL
"Term 2","Week 14","English","Pronoun-Verb Agreement",NULL,NULL
"Term 2","Week 17","English","Types of Adverbs",NULL,NULL
"Term 2","Week 17","English","Degrees of Adverbs",NULL,NULL
"Term 2","Week 17","English","Relative Adverbs",NULL,NULL
"Term 2","Week 18","English","Prepositions",NULL,NULL
"Term 2","Week 18","English","Objects of Prepositions",NULL,NULL
"Term 2","Week 18","English","Prepositional Phrases",NULL,NULL
"Term 3","Week 23","English","Homophones and Homographs",NULL,NULL
"Term 3","Week 21","English","Direct and Indirect Speech",NULL,NULL
"Term 3","Week 21","English","Active and Passive Voice",NULL,NULL
"Term 3","Week 22","English","Synonyms and Antonyms",NULL,NULL
"Term 3","Week 22","English","Connotation",NULL,NULL
"Term 3","Week 26","English","ANALOGIES",NULL,NULL
"Term 3","Week 26","English","IDIOMATIC EXPRESSIONS",NULL,NULL
"Term 3","Week 24","English","Prefixes and Suffixes",NULL,NULL
"Term 3","Week 27","English","Figurative Language",NULL,NULL
"Term 3","Week 27","English","Similes and Metaphors",NULL,NULL
